CFchLF3nlf5,2020-09-22 16:31:03,130361,0,1
CFYKJlLBJro,2020-09-21 00:01:48,134122,1616,0
CFSKcpkHan6,2020-09-18 16:00:04,129764,0,0
CFPzcZ5n_A4,2020-09-17 18:00:34,102962,0,2
CFKOeNOHY0n,2020-09-15 14:01:18,155330,0,1
CFG0-c3hU04,2020-09-14 06:20:48,1654833,15578,16
CFC2YlphCUo,2020-09-12 17:16:08,369137,3667,0
CE5By8aHbN9,2020-09-08 21:43:27,549905,3416,0
CE4Too1H1vk,2020-09-08 16:00:24,169568,1935,0
CEwzA14nXcM,2020-09-05 17:00:21,2602309,15431,0
CEuAixgnC-9,2020-09-04 15:01:10,280183,3152,1
CErbu64HnZ1,2020-09-03 15:00:43,858377,3636,0
CEpL1f3HwWn,2020-09-02 18:03:20,340877,2189,0
CEnaiXpnoWR,2020-09-02 01:33:19,506220,1317,0
CEnRT_MnNOa,2020-09-02 00:12:42,154587,1155,0
CEm4L5gn1Bf,2020-09-01 20:34:11,162895,1189,0
CEmSMHwHeIj,2020-09-01 15:01:31,207084,2254,0
CEkG6fVHgvw,2020-08-31 18:46:23,129966,1265,0
CEjtY9KH9bg,2020-08-31 15:01:29,285575,3403,0
CEiU-mIH7ds,2020-08-31 02:10:04,151071,1194,0
CEhIkw2H8hN,2020-08-30 15:01:14,778191,9994,1
CEejzZdn5vK,2020-08-29 15:01:25,258942,2861,0
CEc4BsuHM0s,2020-08-28 23:20:07,188197,1460,0
CEb_IJenL08,2020-08-28 15:02:37,421468,5127,0
CEazcOxHebk,2020-08-28 04:01:42,376365,7739,7
CEav2jYB12H,2020-08-28 03:29:26,1444171,7576,6
CEaiCfPHDjD,2020-08-28 01:28:44,510611,2072,0
CEZZR-3nd0m,2020-08-27 15:02:45,436029,3269,0
CEYmtQInzo9,2020-08-27 07:31:03,5550203,79695,45
CEW2GLCnFNw,2020-08-26 15:07:23,338236,3255,0
CEUsAUcHhvT,2020-08-25 19:00:23,687134,2062,6
CEUXZbNnhop,2020-08-25 16:00:54,155588,1630,13
CESGkl6H_AB,2020-08-24 18:56:55,221947,3107,0
CERnKaFHqdV,2020-08-24 14:20:21,1344907,14705,0
CEHsqfDHqLN,2020-08-20 18:00:19,423951,6367,0
CEHYoERHpwn,2020-08-20 15:03:39,388527,5294,0
CEGLE6VHPhK,2020-08-20 03:44:26,164123,1186,0
CEFW9DonR31,2020-08-19 20:08:32,174964,1653,2
CEEweSxnNen,2020-08-19 14:31:34,272852,2018,4
CEC-RoXHwoT,2020-08-18 21:53:42,560457,2058,0
CEAearOnyQJ,2020-08-17 22:44:20,431568,3579,0
CD-jvjJnOPE,2020-08-17 04:44:53,333192,2690,0
CD9YXPKnI3J,2020-08-16 17:47:00,260911,2919,0
CD8LmVHnl10,2020-08-16 06:40:16,256187,2239,0
CD7ACV9H2Zy,2020-08-15 19:36:18,489101,4095,0
CD3_TrdHi3-,2020-08-14 15:31:04,360450,3249,7
CD3u03Lnu_P,2020-08-14 13:07:03,1301812,10509,0
CD2YDBRHbUe,2020-08-14 00:36:56,350518,3683,0
CD1W6SDn0wh,2020-08-13 15:01:37,508461,5720,0
CDz10mzHxfV,2020-08-13 00:51:13,1221382,8072,0
CDzHDKVnM6F,2020-08-12 18:02:31,700919,4671,0
CDxRlGqnJeT,2020-08-12 00:56:03,214182,1390,0
CDrLgoxHI0F,2020-08-09 16:08:31,385880,4132,0
CDknT3SHug2,2020-08-07 02:55:49,2960694,17535,25
CDjdTOVD-29,2020-08-06 16:09:06,449485,4670,1
CDgwqMUHiJ5,2020-08-05 15:00:32,1515925,9668,6
CDe76l6nej8,2020-08-04 22:00:25,534046,4205,0
CDeqnmLH5wl,2020-08-04 19:29:17,287042,1550,0
CDZgryBnfEG,2020-08-02 19:26:16,370944,4842,0
CDZRkklHofo,2020-08-02 17:14:12,1123714,7615,0
CDUUGDwn7si,2020-07-31 19:00:03,1195139,8543,0
CDRyPuyH8iX,2020-07-30 19:25:48,160942,2724,0
CDMPE1oH_Z1,2020-07-28 15:42:16,340119,3558,0
CDJ6GFkHuis,2020-07-27 18:00:28,1302400,9314,47
CDEz_q-nR96,2020-07-25 18:31:58,202038,2662,0
CDEi0ADHYdF,2020-07-25 16:00:49,1116866,8287,15
CDBxYG0nc0T,2020-07-24 14:10:21,322299,2703,0
CC9lqYQnNZI,2020-07-22 23:12:30,220258,2089,0
CC70yz7nlIA,2020-07-22 06:48:49,501801,5885,1
CC6dUGmHEW-,2020-07-21 18:00:22,648207,4872,0
CC5JjxPnOMr,2020-07-21 05:48:30,4605408,27900,40
CCwDQLqnhiZ,2020-07-17 17:00:30,886660,9269,0
CCpEElWHi6v,2020-07-14 23:52:42,1037093,4028,0
CCoGx_-Hegw,2020-07-14 15:00:42,463679,6597,0
CCn5lvJHhKs,2020-07-14 13:06:11,187732,2062,0
CClpJPUHhCl,2020-07-13 16:00:24,300042,4833,0
CCjZG4tnjzr,2020-07-12 19:01:14,596193,5980,0
CCgmonfHIHo,2020-07-11 17:01:33,620339,5559,0
CCfgyzcH5yW,2020-07-11 06:51:16,314407,2166,0
CCcoQSTHfXE,2020-07-10 04:00:30,374771,7881,0
CCbIbvYHvY2,2020-07-09 14:01:27,1197297,19073,21
CCY--xeH4j7,2020-07-08 18:01:23,169759,4824,56
CCXVF0xHMYh,2020-07-08 02:35:05,267557,2549,0
CCOsLAYnKTS,2020-07-04 18:04:32,167578,2082,2
CCKB26Bn9ba,2020-07-02 22:39:02,353595,4708,0
CCG98yjnUi2,2020-07-01 18:05:29,262136,4163,0
CCE8wnDn-w3,2020-06-30 23:16:09,745853,2676,0
CCEZABJnfyg,2020-06-30 18:09:24,239762,2948,0
CB2_BvinobJ,2020-06-25 13:15:10,704230,11798,0
CByXUx9H0C4,2020-06-23 18:02:42,967799,3333,0
CBwF9DdHx5k,2020-06-22 20:52:26,303775,2826,0
CBvkgUoHGRv,2020-06-22 16:04:50,438562,6387,1
CBui50xnqb8,2020-06-22 06:29:17,239828,2543,3
CBoisa6nyvn,2020-06-19 22:31:00,135970,1809,0
CBmL4sunOac,2020-06-19 00:33:10,345048,4652,3
CBhak2anSRn,2020-06-17 04:04:01,2573705,15101,19
CBhBHR3nwdh,2020-06-17 00:21:32,972761,2611,0
CBgWrlcjSkA,2020-06-16 18:10:45,158904,1752,0
CBdnRFjn7Ak,2020-06-15 16:37:58,687888,6828,1
CBJJ4rvHeNF,2020-06-07 17:56:25,1713054,14038,3
CBEYRJqnxQX,2020-06-05 21:25:53,661639,3936,0
CBBcbfzH0k1,2020-06-04 18:04:32,193629,2242,0
CA7HP4vn_hc,2020-06-02 07:04:00,578177,5686,8
CA1Sk3inHPQ,2020-05-31 00:51:49,238692,3204,0
CA01VzSHteJ,2020-05-30 20:33:54,250448,3003,0
CAxxbl3nw9Y,2020-05-29 16:01:47,172866,2359,0
CAw1_wdn0gd,2020-05-29 07:23:15,242725,3173,0
CAtTxPNnDZJ,2020-05-27 22:24:02,2562588,15590,8
CAsyYxnHVtx,2020-05-27 17:35:05,269112,3905,2
CAsdjbfHkwh,2020-05-27 14:31:01,180299,2001,0
CAqu-xmnKV0,2020-05-26 22:24:06,932849,3276,0
CAoxNzAn_h3,2020-05-26 04:06:41,256406,2704,0
CAniOvwHPm8,2020-05-25 16:36:23,200646,2972,0
CAlYNZcnwiG,2020-05-24 20:29:48,168317,2288,0
CAgjh7ln_9w,2020-05-22 23:31:59,492278,5721,0
CAdxJ1tH8zx,2020-05-21 21:32:57,1011214,8877,11
CAbFm9wHAvm,2020-05-20 20:33:58,936101,6263,1
CAZMxH4ns9a,2020-05-20 02:58:03,1235721,4973,0
CAYH-vRHGsH,2020-05-19 16:56:59,835532,5414,1
CAURF7CnudO,2020-05-18 05:00:36,242812,2021,0
CAT9FNInif-,2020-05-18 02:05:52,570298,5880,0
CATvjO5HMNU,2020-05-18 00:06:33,994938,5801,2
CATbzU7HEet,2020-05-17 21:13:59,2195217,9852,4
CAQyjyPnO2Z,2020-05-16 20:35:59,508887,6636,0
CAODOj0nsKn,2020-05-15 19:03:47,240878,2857,0
CAMcMCHHPKC,2020-05-15 04:03:00,934781,14645,13
CALKFdSnDQI,2020-05-14 16:05:15,4014452,25543,14
CALCugQH1yC,2020-05-14 15:01:48,144262,1520,1
CAJ3UZ4n9kr,2020-05-14 04:02:01,1095059,7893,0
CAI_HD-nMQj,2020-05-13 19:54:18,120021,1566,0
CAIXtzqnb8n,2020-05-13 14:06:37,694733,6642,0
CAGgoqpnEKV,2020-05-12 20:46:05,1267297,8565,12
CAENTuwHqW6,2020-05-11 23:18:43,621516,4799,0
CACncuZnsCo,2020-05-11 08:30:59,1814752,16839,34
CACHfHxHcKF,2020-05-11 03:49:22,1267033,5327,9
CABZOcHHK43,2020-05-10 21:05:08,1972995,9202,23
B_-oMbhnf-Z,2020-05-09 19:19:23,176490,2125,0
B_8LoAxnLrD,2020-05-08 20:30:05,233442,2057,0
B_7wW08HeWL,2020-05-08 16:31:49,196510,2323,6
B_5H9jPH3sA,2020-05-07 16:00:21,858019,20946,45
B_4MtEuHqjR,2020-05-07 07:22:33,256102,2674,0
B_0uaKpHUKj,2020-05-05 23:00:07,323627,2500,3
B_0S-7SHzdU,2020-05-05 19:00:28,188800,1515,0
B_y1HX9HVRa,2020-05-05 05:20:14,1156226,6879,24
B_v_0n6HP6f,2020-05-04 02:56:04,827652,4299,7
B_vXX5aHJqT,2020-05-03 21:05:04,595681,7857,8
B_jSnV-HZ0W,2020-04-29 04:30:09,1071667,5627,0
B_d-bQqHaqM,2020-04-27 02:57:32,697446,4470,20
B_dVV8vH00M,2020-04-26 21:13:01,426976,5795,27
B_QvkKTncNN,2020-04-21 23:37:33,470621,3724,0
B_Le8z6nyYy,2020-04-19 22:36:10,2386813,14736,5
B_JvoAgnG4k,2020-04-19 06:23:24,1791441,17680,19
B--wJHEnGFX,2020-04-14 23:56:16,563775,5560,0
B--VLLgnwqS,2020-04-14 20:00:37,271667,2507,0
B-5dIJRHD_E,2020-04-12 22:33:55,3091037,19707,23
B-xrZ5XnAEi,2020-04-09 22:04:45,178237,1863,0
B-tD5wdn0Ln,2020-04-08 03:02:36,448162,2626,0
B-n9pYxHg0K,2020-04-06 03:33:40,452072,2411,6
B-nX9OznQiZ,2020-04-05 22:04:01,422506,2391,0
B-i0HZ7HaFw,2020-04-04 03:32:15,3800456,63449,64
B-iMVpmn7Ki,2020-04-03 21:47:44,237191,2063,0
B-bAtu8HEmQ,2020-04-01 02:48:25,1513103,8363,1
B-VRch7nn2y,2020-03-29 21:19:11,2098566,14347,14
B-QTgbenItF,2020-03-27 23:04:32,541090,4103,0
B-PjpidnJ6T,2020-03-27 16:05:26,166164,1245,0
B-IXuQPHIUK,2020-03-24 21:03:54,275533,1864,0
B-F3_e9HMV1,2020-03-23 21:48:09,993028,3357,0
B-DOg3yHe67,2020-03-22 21:07:13,859436,4326,1
B97iBvnHUSI,2020-03-19 21:23:49,1766458,10081,17
B92lLflH7CZ,2020-03-17 23:15:09,519932,2470,0
B9z3I6VnjXO,2020-03-16 22:00:08,233858,1657,0
B9xQiGAnOPx,2020-03-15 21:40:05,560734,2689,0
B9oNvhDnNwB,2020-03-12 09:21:00,1267873,5505,2
B9mdRTAHXCk,2020-03-11 17:00:08,314700,3199,0
B9kbf_bHJV5,2020-03-10 22:04:15,1424767,3985,0
B9i2lLVHioD,2020-03-10 07:22:24,1174940,4613,19
B9gvRTNnP2H,2020-03-09 11:40:02,2612126,34451,16
B9fZsvaniHZ,2020-03-08 23:12:18,297928,1167,0
B9fLG9FHoz5,2020-03-08 21:05:51,204470,1210,0
B9cwKdsnLkR,2020-03-07 22:30:53,2678509,13018,5
B9Zsm7gnRJO,2020-03-06 18:02:23,252064,1302,0
B9Vuje3nc06,2020-03-05 05:02:30,2664135,38524,40
B9Vn0BOHIpR,2020-03-05 04:03:14,917088,4666,0
B9UmNAXHGRZ,2020-03-04 18:30:15,1248652,17007,55
B9SJjyGnlHP,2020-03-03 19:41:09,656372,2842,0
B9N4vFmnBnX,2020-03-02 03:59:03,439683,2117,0
B9NToX3nPXb,2020-03-01 22:33:48,166002,865,0
B9NJTAGnWUH,2020-03-01 21:02:39,150966,1664,4
B9ApgciHsiZ,2020-02-26 00:33:59,201695,1384,0
B873QzrHIoC,2020-02-24 03:57:59,934261,3859,9
B87So4hnrMj,2020-02-23 22:43:09,295175,2146,0
B85oq4MHFa2,2020-02-23 07:11:59,2383721,23057,3
B82QOjinrUv,2020-02-21 23:47:00,150465,1045,0
B8ww2BeHKUd,2020-02-19 20:30:43,185357,1161,0
B8vLLrkH5FJ,2020-02-19 05:41:55,963018,8963,0
B8p4vA9H00n,2020-02-17 04:24:31,1431578,9062,6
B8pOSfPn8OJ,2020-02-16 22:14:53,152165,1001,0
B8lRyG2Hzl4,2020-02-15 09:27:11,2105257,7791,23
B8jbOimnr0c,2020-02-14 16:11:45,193072,1578,0
B8fj0yiHxjY,2020-02-13 04:09:23,453254,2558,0
B8ckwoAHBxP,2020-02-12 00:19:50,451232,1502,0
B8X0Z5WHN86,2020-02-10 04:00:21,470772,2573,0
B8WrfbyHGI4,2020-02-09 17:27:08,456969,17264,0
B8Ui4LvnT4k,2020-02-08 21:30:54,117937,725,0
B8SUROIH2NN,2020-02-08 00:43:20,177300,1301,0
B8Rh3V5nlOf,2020-02-07 17:23:18,207988,1292,0
B8O4Ts0ng_L,2020-02-06 16:41:17,246623,1089,0
B8MJc0xn7yH,2020-02-05 15:13:21,743449,3705,3
B8Fxvb2nuKQ,2020-02-03 03:50:44,1281683,9439,1
B8BD7bOHOM3,2020-02-01 07:53:28,901729,3257,0
B8BDv-sHJ-x,2020-02-01 07:51:54,550405,3193,0
B74ogXDn9Tl,2020-01-29 01:19:55,657769,2845,0
B7mqFbOnBXa,2020-01-22 01:47:23,132680,1374,0
B7l86r4HZHH,2020-01-21 19:12:42,227894,1587,0
B7USzJUHcPU,2020-01-14 22:37:35,593297,2220,0
B7QUT49H34D,2020-01-13 09:33:50,1006408,5661,2
B7Jd1odgROF,2020-01-10 17:46:10,425772,4559,0
B7Cepcpnr0W,2020-01-08 00:34:47,640285,1840,0
B7B77Qhn2DX,2020-01-07 19:31:23,354001,1851,0
B7B7fD-HrHe,2020-01-07 19:27:32,401628,2244,0
B7B7J9Ony0u,2020-01-07 19:24:39,260551,1175,0
B7B60esHrqn,2020-01-07 19:21:43,586803,2890,0
B7B6QkzHaXN,2020-01-07 19:16:49,361855,1522,0
B7B5p-XHxE8,2020-01-07 19:11:33,406649,1824,0
B7B5A7KnMYi,2020-01-07 19:05:56,423279,1834,0
B6zw7b9H4QA,2020-01-02 07:25:55,763457,4434,0
B6zwdXYn-R7,2020-01-02 07:21:49,595841,2890,0
B6zwCOeHUpa,2020-01-02 07:18:06,690205,3262,0
B6zvkk_HsRx,2020-01-02 07:14:03,511375,2170,1
B6xJTUaHUwm,2020-01-01 07:04:23,376039,3228,2
B6wO9PwHHhS,2019-12-31 22:31:21,167996,827,0
B6td2venQaJ,2019-12-30 20:49:48,147138,1016,0
B6pOjsoHzl2,2019-12-29 05:13:37,374069,3033,0
B6bc_JqnZIN,2019-12-23 20:49:53,701740,4206,1
B6XC2ipnSs1,2019-12-22 03:45:34,277425,3827,0
B6V-2eaneE5,2019-12-21 17:50:21,640730,4193,0
B6Tl2iAn36k,2019-12-20 19:33:26,576289,4203,0
B6Rl_RuHUH8,2019-12-20 00:56:09,466804,2774,0
B6MR75dHHJg,2019-12-17 23:24:43,233955,990,0
B6GdJRNHR2i,2019-12-15 17:07:13,1004309,6518,0
B6FshqJnJTM,2019-12-15 10:02:23,557922,2192,1
B6D8ncHnfUK,2019-12-14 17:44:30,825301,5410,0
B6DOBvxnveP,2019-12-14 10:57:24,212948,1260,0
B6BTxPfHGM9,2019-12-13 17:09:06,129196,667,0
B5_ogV_nyxk,2019-12-13 01:31:56,72509,321,0
B5_hitvnnl1,2019-12-13 00:31:09,92768,428,0
B5_au5onC4i,2019-12-12 23:31:46,65162,330,0
B5_URZyHRMF,2019-12-12 22:36:03,72881,374,0
B59BG3kHPTM,2019-12-12 01:09:04,650434,3263,0
B57HPpYnOz2,2019-12-11 07:24:12,532108,2650,0
B55686eHwP1,2019-12-10 20:17:33,418009,903,0
B53-eoGn-mB,2019-12-10 02:09:53,602109,2941,0
B53AnYzHR6B,2019-12-09 17:09:19,216369,3060,0
B52I_Txn8WB,2019-12-09 09:03:15,403141,1670,0
B5yrmQ5HeMj,2019-12-08 00:58:06,529584,4773,0
B5v8q5lH_vy,2019-12-06 23:20:10,523504,8005,0
B5vkkvqn8a6,2019-12-06 19:49:36,167939,1061,0
B5tC79vH5YE,2019-12-05 20:17:12,649630,3982,0
B5rsmiTn1l7,2019-12-05 07:42:48,531033,3440,2
B5qPJ21HTUK,2019-12-04 18:06:42,257422,2556,0
B5nqvemn_Q3,2019-12-03 18:09:35,795347,5069,0
B5lS9iOnzeh,2019-12-02 20:04:38,354085,3538,4
B5i9MjbHORp,2019-12-01 22:14:38,614275,3626,5
B5iZaYtnMBl,2019-12-01 17:04:10,363563,5754,0
B5hhtn1HlJT,2019-12-01 08:55:14,519444,2442,0
B5eJS_WnDw0,2019-11-30 01:24:23,116407,915,0
B5crrUdH-cu,2019-11-29 11:46:06,598880,2451,4
B5Vhwtennjc,2019-11-26 17:04:46,635529,1549,0
B5TWcWTnchB,2019-11-25 20:48:00,114051,1035,0
B5Lkt-eHnoy,2019-11-22 20:20:22,242798,3201,0
B5IyBoyHbFT,2019-11-21 18:18:24,121648,818,0
B5IqCM8H7in,2019-11-21 17:08:55,144121,1258,0
B5EWeMZHUvt,2019-11-20 01:24:28,467338,5516,0
B5Ds7kBHCW7,2019-11-19 18:56:03,465122,1256,0
B5CibeYnYja,2019-11-19 08:05:02,1205436,6304,0
B5BJuo_nKRP,2019-11-18 19:09:58,457532,2317,0
B4_XQgJn-pj,2019-11-18 02:29:42,631299,2559,0
B48HBMMHxn7,2019-11-16 20:10:05,1572293,10664,0
B41eVVvHnAW,2019-11-14 06:19:07,762875,3528,0
B4yw5Cknsby,2019-11-13 05:03:34,639647,4004,0
B4yMBGkHsBN,2019-11-12 23:41:21,162933,1011,0
B4xE3Cen8cf,2019-11-12 13:19:34,902737,6342,0
B4xDQRqHVBB,2019-11-12 13:05:32,282442,1746,0
B4vwf2LHxvg,2019-11-12 01:02:24,501596,3124,0
B4voN5wn-6I,2019-11-11 23:50:03,370797,1662,0
B4oWSF4Hm3g,2019-11-09 03:58:39,1003848,6190,3
B4mKcF8nlJx,2019-11-08 07:37:34,316099,2708,0
B4k0NQyHWTs,2019-11-07 19:03:10,394397,2696,0
B4gTt4vnj0X,2019-11-06 01:02:18,192862,1360,0
B4fqnBuH0pM,2019-11-05 19:03:06,828762,4240,0
B4dwNSEnRdf,2019-11-05 01:13:32,443331,3219,0
B4dOrl9nhjG,2019-11-04 20:20:35,169415,2524,0
B4ZJVdRHjas,2019-11-03 06:16:54,676730,4670,0
B4VQECMHmVq,2019-11-01 17:59:05,128163,2453,0
B4TeL-AHfHE,2019-11-01 01:23:40,768976,5906,2
B4S5HCLHmOB,2019-10-31 19:59:41,519177,3684,0
B4QZ5gtnTHF,2019-10-30 20:54:52,232370,2383,0
B4N4bVankvi,2019-10-29 21:17:31,544394,1944,0
B4LQ3YvnZPz,2019-10-28 20:53:20,434716,3816,0
B4DJIakHouB,2019-10-25 17:11:50,1566717,24872,4
B4BFnSVneIq,2019-10-24 22:08:26,636768,5872,0
B3-cevvhuHu,2019-10-23 21:25:38,263772,3606,0
B37v_PtnC6N,2019-10-22 20:19:20,268533,3710,0
B37c4LRHb49,2019-10-22 17:30:27,364337,1485,0
B327XflHHF_,2019-10-20 23:20:40,1142797,8916,0
B30ax4MHfE0,2019-10-19 23:57:26,1300268,8427,0
B3xt6gSHw9l,2019-10-18 22:46:55,356217,2404,0
B3vQPJFn5en,2019-10-17 23:49:06,735826,5557,0
B3u5YZpHNik,2019-10-17 20:42:36,216269,1855,0
B3ubCV5HmVI,2019-10-17 16:04:14,1280417,10397,0
B3snVHSHAWj,2019-10-16 23:14:52,234787,2350,0
B3sK5tBH2jD,2019-10-16 19:05:10,450442,5107,0
B3rvx9unkPG,2019-10-16 15:08:41,335696,6578,1
B3qLdFDH5ey,2019-10-16 00:31:07,168466,1858,0
B3pmFBdHGER,2019-10-15 19:04:31,168180,1145,0
B3pKU6KH3pA,2019-10-15 15:02:01,361973,5106,0
B3mlbK7HosZ,2019-10-14 15:01:05,521699,10322,1
B3iz5UmnOeS,2019-10-13 03:50:34,718374,4956,0
B3h2vQbnYzH,2019-10-12 18:56:10,588865,4651,0
B3dsXWvn7-b,2019-10-11 04:08:34,230765,1884,0
B3dJygZHDuX,2019-10-10 23:06:26,345948,2431,0
B3bJ_LtHG1n,2019-10-10 04:29:41,868107,5942,2
B3YNahHHqh0,2019-10-09 01:01:55,453607,3358,0
B3XPDNxHH8D,2019-10-08 15:56:58,88656,645,0
B3K9msMnckV,2019-10-03 21:33:38,590894,4962,1
B3F2DT5H4Q8,2019-10-01 21:51:26,1034109,9072,2
B3FIDTdHCXP,2019-10-01 15:09:29,169089,1409,0
B27utkzHMCp,2019-09-27 23:34:54,184514,2080,0
B263d8Tn3_H,2019-09-27 15:32:10,201334,1646,0
B2zo7Bcndka,2019-09-24 20:10:23,172511,1604,0
B2pdDf_nBDC,2019-09-20 21:15:50,111527,1162,0
B2ok58xHb7I,2019-09-20 13:03:38,143409,1452,0
B2kSKIpnraq,2019-09-18 21:02:51,769080,6702,0
B2j8EO6Hgk1,2019-09-18 17:50:37,770208,8710,0
B2hpYYUnI1Q,2019-09-17 20:28:03,181566,1332,0
B2gKjhKHgEM,2019-09-17 06:39:27,173820,1555,0
B2f828FH4-9,2019-09-17 04:39:46,765574,2935,0
B2ZeqtqHEru,2019-09-14 16:23:41,243073,3400,0
B2W6KbAn94R,2019-09-13 16:23:03,213064,2185,0
B2P_gIGHBv2,2019-09-10 23:55:01,240868,1410,0
B2NU4vuA88b,2019-09-09 23:04:10,251912,2095,0
B2FjAyPHvQU,2019-09-06 22:33:40,649286,4906,0
B2AMS2cHKOw,2019-09-04 20:40:21,194462,1978,0
B19xLJzHc0_,2019-09-03 22:09:51,109072,944,0
B19JccSHks_,2019-09-03 16:16:53,147671,1096,0
B16ezkVnDe1,2019-09-02 15:25:16,642097,3821,0
B1zJiT0nCIs,2019-08-30 19:04:44,474714,3327,0
B1y0l-zHeTJ,2019-08-30 16:03:32,265211,3034,0
B1xihszHP2N,2019-08-30 04:05:21,244916,2344,0
B1wfKoFg5TP,2019-08-29 18:16:01,151960,1363,0
B1uIvJxnV72,2019-08-28 20:28:22,117589,791,0
B1sqKClH5fx,2019-08-28 06:35:49,372419,6536,0
B1rpYcYHMnt,2019-08-27 21:09:05,138283,808,0
B1rcbJknHIr,2019-08-27 19:17:00,108969,686,0
B1pF3y5HBdu,2019-08-26 21:21:22,117392,1372,0
B1ovhchnAmA,2019-08-26 18:05:01,433886,2740,1
B1exJRVHf0r,2019-08-22 21:11:37,1692150,23392,0
B1enEMMngj-,2019-08-22 19:38:43,1383156,6905,4
B1b3P7LHh3x,2019-08-21 18:02:24,214634,1109,0
B1al4-HHfS1,2019-08-21 06:11:29,606004,3525,2
B1Z-C48nfVQ,2019-08-21 00:23:18,207030,1257,0
B1W6-hMHhsK,2019-08-19 19:58:46,165149,1302,0
B1R66avnXEE,2019-08-17 21:22:01,250758,2412,0
B1O47BEno6v,2019-08-16 17:07:46,378767,3948,0
B1KFoYpHVSZ,2019-08-14 20:21:45,583690,4847,0
B1Hec5lHHlf,2019-08-13 20:04:22,156646,2315,0
B1HSRtkno19,2019-08-13 18:14:31,147817,1049,0
B09JGODn2B_,2019-08-09 20:56:06,198010,2313,0
B07dk0OnnzE,2019-08-09 04:02:22,781625,6070,1
B07I1TBnEEw,2019-08-09 01:01:33,245438,2231,0
B060Ni9HPHq,2019-08-08 22:01:23,255959,2966,0
B06hncJn9mP,2019-08-08 19:19:21,447719,5522,0
B04gtqmH4PO,2019-08-08 00:32:04,730810,6951,0
B03z9XSnm77,2019-08-07 18:01:00,789414,8264,2
B03mLWCHbfL,2019-08-07 16:00:34,204688,1908,1
B02GFZXHM9p,2019-08-07 02:00:54,317778,3073,0
B01_L3THQnl,2019-08-07 01:00:37,192999,1870,1
B01jvmVgTT9,2019-08-06 21:00:49,367909,5785,0
B01V7Q3gZLh,2019-08-06 19:00:05,167687,1248,0
B0yc1m7n8ET,2019-08-05 16:02:45,289223,2679,0
B0d16GeHHwP,2019-07-28 15:57:46,632086,5700,0
B0TZmFdnidN,2019-07-24 14:37:58,912645,6569,0
B0Rwlpmneky,2019-07-23 23:20:24,158415,1255,0
B0FYvwAnKsU,2019-07-19 04:02:00,225613,2949,0
Bz-7vSMnlc3,2019-07-16 15:52:16,138534,1197,0
Bz9CTOfHVfZ,2019-07-15 22:14:39,2026737,31461,0
BztZj0bnV7r,2019-07-09 20:26:31,155648,1836,0
Bzb40nun_eI,2019-07-03 01:13:22,230540,2079,0
BzSC-sqHFH3,2019-06-29 05:34:03,184499,2376,1
BzQ_aXLHj2Z,2019-06-28 19:39:18,746556,5880,0
BzLpR1ynHla,2019-06-26 17:49:41,191853,2076,1
BzJqiH7n6aF,2019-06-25 23:23:34,83266,923,0
BzG1ZXRA86E,2019-06-24 20:59:22,223445,1946,0
By-zM6An9Ro,2019-06-21 18:06:16,272511,2189,0
By9ZS6cHfxV,2019-06-21 05:00:40,618875,3216,0
By5-416HdzC,2019-06-19 21:14:10,290106,2825,0
By36WOSH5xe,2019-06-19 01:54:02,510374,2875,0
By3hOygHFbP,2019-06-18 22:14:34,344818,3727,0
By3MpL7npod,2019-06-18 19:14:47,409000,3511,0
By0mq_6Hem9,2019-06-17 19:05:56,380433,3015,0
Byz6pB5HAiQ,2019-06-17 12:39:38,2876737,49457,11
ByzUvVBHNrp,2019-06-17 07:08:27,339049,1725,0
Bys2C1-H5Pr,2019-06-14 18:44:47,800928,5214,0
ByqFebNn8ew,2019-06-13 17:01:54,190346,1201,0
ByoYhJqH2G4,2019-06-13 01:09:49,271156,2274,0
Bynwuw7noQS,2019-06-12 19:22:09,358220,2364,0
Bylq5qjHUwj,2019-06-11 23:52:44,1541073,43165,37
BylndwHHxFR,2019-06-11 23:27:03,122220,1469,0
BylFCkQnTp4,2019-06-11 18:21:54,220434,1460,0
ByjKBlAnc-T,2019-06-11 00:26:58,359374,1544,0
Byg9188HJmN,2019-06-10 04:02:02,462746,2763,0
Bya0-cag29o,2019-06-07 18:50:30,256261,2557,0
ByX--7KnKho,2019-06-06 16:18:50,714400,5337,1
ByVpza7HzE9,2019-06-05 18:35:39,107735,820,0
ByTYWPHH1yc,2019-06-04 21:24:16,180325,1224,0
ByRVCqGHyos,2019-06-04 02:16:54,642933,4240,0
ByLXldoHAs8,2019-06-01 18:43:41,932201,5972,0
ByJZWvsnb-r,2019-06-01 00:20:41,311017,2001,0
ByJAtEynPLF,2019-05-31 20:46:12,219688,2070,0
ByIqBJ-nwF9,2019-05-31 17:27:02,143992,1878,0
ByHOCgqn4PO,2019-05-31 04:03:19,980883,11231,0
ByG0B3vHozU,2019-05-31 00:16:02,771550,4763,0
ByGIpCxnDWS,2019-05-30 17:57:37,168480,3176,0
ByEvm68HJSS,2019-05-30 04:58:55,677946,5733,0
ByDdr0sHhKb,2019-05-29 17:04:10,391522,9189,0
ByArO74Hjji,2019-05-28 15:03:44,914591,22566,5
Bx265txHxtR,2019-05-24 20:08:14,172915,1556,0
Bx0-DWWnbw8,2019-05-24 01:57:17,161880,2469,0
Bx01BnEnkGx,2019-05-24 00:38:24,437983,2209,0
Bxvv-nRHXO9,2019-05-22 01:18:06,228471,1365,0
BxuxbWSHA_y,2019-05-21 16:11:31,202673,1089,0
BxtC3mgHR1r,2019-05-21 00:06:03,175311,1410,0
BxqxMsDHunU,2019-05-20 02:52:34,1969643,22977,2
BxquAEkn9PG,2019-05-20 02:24:37,381804,2395,0
Bxqrx40nEfN,2019-05-20 02:05:13,343224,2075,0
BxqqFYUnkEH,2019-05-20 01:50:24,781034,5274,0
Bxqas5Hn3JX,2019-05-19 23:35:59,367914,1688,1
BxqXgA3nKOK,2019-05-19 23:08:00,84677,531,0
BxqJ3S3nGLG,2019-05-19 21:08:51,634526,3807,0
BxnnBXKHJEa,2019-05-18 21:25:55,189726,1810,0
Bxkleo2HNeA,2019-05-17 17:15:41,134360,1902,0
Bxi7mQGHpmm,2019-05-17 01:49:30,750219,3741,0
BxdJNI2ntvf,2019-05-14 19:52:58,648943,4475,0
Bxag1GlnE5y,2019-05-13 19:21:41,282312,1368,0
BxYpHLLnn4I,2019-05-13 01:55:34,1293751,11655,0
BxYWYSznZ8X,2019-05-12 23:14:48,266523,2189,0
BxQ0MKKnM6I,2019-05-10 01:07:46,421701,3048,0
BxQb1hTH53h,2019-05-09 21:32:51,715504,11843,0
BxLT1jSnYmF,2019-05-07 21:39:32,1241572,11515,2
BxLSYBmnMTp,2019-05-07 21:32:30,416726,3502,0
BxI2BAxHXQ3,2019-05-06 22:40:29,641871,3712,0
BxGmh_RnAFb,2019-05-06 01:46:41,1019428,10117,0
BxGP9k-nZhT,2019-05-05 22:29:29,238522,1757,0
BxAn0PDnuzy,2019-05-03 18:02:29,200572,1894,0
Bw-ivrQn05i,2019-05-02 22:39:41,381515,2877,0
Bw4s8K1HQ0K,2019-04-30 16:13:20,225329,2575,0
Bw3f0gCHTF6,2019-04-30 05:02:35,446746,4135,0
Bw3WjJHHJRN,2019-04-30 03:43:10,216646,1223,0
Bw0e98sneNF,2019-04-29 00:54:16,464549,3837,0
Bw0EGdynw8v,2019-04-28 20:59:30,705012,4440,0
BwxmkaWHFIb,2019-04-27 22:02:58,418200,2253,0
BwxJfnIn3V8,2019-04-27 17:53:57,150530,1437,0
Bwv5_zPn1dD,2019-04-27 06:14:15,215214,1128,0
BwurglpnIXl,2019-04-26 18:48:25,255462,1603,0
BwqIhycHjNS,2019-04-25 00:25:47,2029974,15610,0
BwnCWZ2nr6f,2019-04-23 19:34:05,329147,2615,0
BwkehWzn96h,2019-04-22 19:52:13,302618,2422,0
BwiinzrH1rr,2019-04-22 01:39:52,462642,2849,0
BwiawI_H08s,2019-04-22 00:31:06,1560122,10170,0
BwiUWnmHSGI,2019-04-21 23:35:12,257980,1222,0
BwiDuTjna6Q,2019-04-21 21:09:53,469290,3392,0
Bwck_cunyFy,2019-04-19 18:05:08,2631706,37149,0
BwbFZkanjYX,2019-04-19 04:10:21,635236,14394,0
BwavN6knaqe,2019-04-19 00:58:27,285941,2173,0
BwYBACWn_no,2019-04-17 23:33:41,444720,2349,0
BwVqrryHEb3,2019-04-17 01:40:11,305127,3869,0
BwVa7quH5lI,2019-04-16 23:23:17,164761,704,0
BwTFPRRHeqi,2019-04-16 01:34:31,1383575,13566,0
BwSlyLMnkSf,2019-04-15 20:59:39,473179,2610,0
BwRRHmQntQH,2019-04-15 08:39:50,1098762,5913,6
BwRIWB-H2hj,2019-04-15 07:23:10,136262,659,0
BwQVsnenHiw,2019-04-15 00:00:36,1222536,9344,0
BwQBOJvhMCu,2019-04-14 21:02:27,135573,764,0
BwN9xjRn593,2019-04-14 01:53:05,1110630,8287,9
BwK-3ytnDdF,2019-04-12 22:04:57,317660,2000,0
BwIGyTOHbn0,2019-04-11 19:16:52,176717,2120,0
BwGycTEnnpp,2019-04-11 06:59:23,186013,972,0
BwGxkZ7nm1-,2019-04-11 06:51:45,388077,3500,0
BwDRpLwnynk,2019-04-09 22:15:03,159412,1007,0
BwA35njnrOZ,2019-04-08 23:52:19,117987,941,0
BwAko5OHZ-G,2019-04-08 21:05:00,144444,1090,0
BwAdLODHN-i,2019-04-08 19:58:06,505149,4055,0
BwAb_ybH9QK,2019-04-08 19:47:48,708171,5860,0
Bv-UZpLnq4Q,2019-04-08 00:03:00,119799,896,0
Bv-DuFdHdXN,2019-04-07 21:43:46,198392,768,0
Bv4mklynhCc,2019-04-05 18:46:17,874364,14803,0
Bv3FzvlHqwg,2019-04-05 04:41:34,136711,912,0
Bvx_WQlH_Ge,2019-04-03 05:08:06,281877,2490,0
Bvwt0cQHdb7,2019-04-02 17:15:41,243918,1589,1
Bvu5B3TnJU_,2019-04-02 00:15:19,268691,1767,0
BvujN45n-Hl,2019-04-01 21:05:08,133741,921,0
BvsqcpgnrVw,2019-04-01 03:29:16,337742,3202,0
BvsnF_HnDAI,2019-04-01 03:01:33,130488,759,0
BvsSGnFnsHI,2019-03-31 23:56:32,394725,2247,0
Bvr-uXZHRRU,2019-03-31 21:10:02,167923,1095,0
BvfiGxEnIK2,2019-03-27 01:06:15,179901,1934,0
Bvc3PqAFACS,2019-03-26 00:13:33,187838,2157,0
BvchpohBBNf,2019-03-25 21:04:59,87149,822,0
BvaKA-9HOgJ,2019-03-24 23:00:14,498322,6551,0
BvYYK-nnMH-,2019-03-24 06:24:45,480664,4418,0
BvUgRHwHm9B,2019-03-22 18:19:07,274383,2598,0
BvS-elYnhLP,2019-03-22 04:04:02,307400,2107,0
BvNE83hHNU9,2019-03-19 21:05:10,198892,1904,0
BvLZUaBHp8D,2019-03-19 05:25:38,113133,863,0
BvK0QZZH8xk,2019-03-19 00:01:08,184468,1429,0
BvKocS5H8tK,2019-03-18 22:18:59,119975,907,0
BvKIk82nYgw,2019-03-18 17:39:07,191062,1765,0
BvIOt-qHy7y,2019-03-17 23:59:13,203007,1638,0
BvH9psdHHRb,2019-03-17 21:27:18,135148,1106,0
BvA1437n0oI,2019-03-15 03:02:39,613290,4092,0
Bu_s50wnTBW,2019-03-14 16:24:54,153020,1503,0
Bu-No-anQfy,2019-03-14 02:32:29,163702,1654,0
Bu7B6BwgSUG,2019-03-12 20:52:14,189177,1222,0
Bu2TP0ln3JK,2019-03-11 00:48:53,508938,4405,0
Bu15XHdH4vW,2019-03-10 21:02:03,231147,2176,0
BuwtKSInXLI,2019-03-08 20:38:32,148268,1372,0
BuuRhVFnJF9,2019-03-07 21:58:32,583082,5499,4
ButbdxNnAl3,2019-03-07 14:06:59,211176,1808,0
BurtGMqncXg,2019-03-06 22:05:35,234579,2389,0
BurfSQ2H8Qw,2019-03-06 20:02:12,185287,1595,0
BupKtEYnJcG,2019-03-05 22:23:12,117114,1244,0
BuopHmcneAs,2019-03-05 17:29:18,141300,1328,0
BukSdgqHbxl,2019-03-04 00:56:06,140404,1341,0
BukAnKPHUN4,2019-03-03 22:18:46,312967,2498,0
BuXff_GHsiF,2019-02-27 01:38:09,279355,2117,0
BuVJstNn5b-,2019-02-26 03:49:10,555141,5324,0
BuS719enNxy,2019-02-25 07:09:37,344939,1552,0
BuFMQyeH__W,2019-02-19 23:03:44,304995,2577,0
BuEzbCgnVYE,2019-02-19 19:26:40,777674,2895,0
BuCazGxH95o,2019-02-18 21:13:02,223954,2507,0
BuAgXn6HsfJ,2019-02-18 03:23:13,517477,2479,0
Bt5gRBDHNZl,2019-02-15 10:07:38,2128189,23585,62
Bt4tGRGHJrS,2019-02-15 02:40:31,321637,2286,0
Bt3QCiynLnl,2019-02-14 13:08:31,352491,6686,0
Bt3IcUDnKPT,2019-02-14 12:00:59,389106,4256,0
Bt2DxJMnE7e,2019-02-14 02:02:25,387419,7205,0
Bt1-AiZHWcR,2019-02-14 01:11:55,143608,3421,0
BtzizvuHUCA,2019-02-13 02:35:10,94075,1720,0
Bty85isn_RE,2019-02-12 21:03:09,467781,4296,0
BtvUc-fnBKq,2019-02-11 11:12:00,1150405,13636,6
Btutet2H5Ig,2019-02-11 05:31:27,846041,10124,3
BtuGWESnIPp,2019-02-10 23:49:29,498916,2010,0
Btrvm84ngDn,2019-02-10 01:52:20,425554,2641,0
BtrugGYnyW0,2019-02-10 01:42:40,435576,3405,0
Btnxsq0n3zh,2019-02-08 12:53:38,547278,7245,1
BtmV8SfHfnm,2019-02-07 23:31:51,470196,3410,0
Btg0veEHkCj,2019-02-05 20:05:33,354787,3593,0
BtgrGaLHcWE,2019-02-05 18:41:18,276905,4779,0
BtU3JoonVx8,2019-02-01 04:35:42,963162,27571,0
BtQQmh3n6jW,2019-01-30 09:41:54,545245,5220,0
BtQGpupn1jE,2019-01-30 08:14:57,1055465,8670,0
BtPDL6_HXHN,2019-01-29 22:25:26,140760,1441,0
Bs1Lcbwnl9B,2019-01-19 21:17:20,363453,2522,0
BsqfIkeng5w,2019-01-15 17:37:44,142893,2085,0
BskT6ZdHyGe,2019-01-13 08:04:15,1193495,7638,6
BsdzQBcHxc6,2019-01-10 19:23:24,278728,2889,0
BsFGnBBn148,2019-01-01 05:11:33,501890,5501,0
Br5hLDFn0xF,2018-12-27 17:12:46,482724,4426,0
BrycEBaH86Y,2018-12-24 23:13:26,440861,3366,3
Brv68Ttnkct,2018-12-23 23:46:58,254804,3203,0
Brts7HsnIJi,2018-12-23 03:04:34,836515,6365,0
BrtH-JhnVu9,2018-12-22 21:42:05,224979,2068,0
Brq339tHz0o,2018-12-22 00:43:18,175190,1121,0
Brpoegvnj-8,2018-12-21 13:08:45,222112,1925,0
Bri0RkBHXuH,2018-12-18 21:37:09,560015,4135,0
BreziJkHXqM,2018-12-17 08:13:43,592821,4671,0
BrYMV-RHZ-q,2018-12-14 18:38:35,251267,2221,0
BrVwiA_HpFG,2018-12-13 19:55:17,238522,2011,0
BrTPusFnSgm,2018-12-12 20:31:52,136213,1520,0
BrN7pAwnnXG,2018-12-10 18:58:00,200535,2379,0
BrKFGXanV5R,2018-12-09 07:04:40,272376,2697,0
BrD5MJhnAuA,2018-12-06 21:24:46,233652,2428,0
BrA-Crwn5zr,2018-12-05 18:08:44,185600,2837,0
Bq8UQmpntvk,2018-12-03 22:47:09,188535,2013,0
Bq24ijGn993,2018-12-01 20:07:50,145207,1664,0
Bq0rgdwntuj,2018-11-30 23:35:29,102878,1428,0
Bq0OXGbH9_3,2018-11-30 19:21:16,142285,1785,0
BqxxJA2nqoj,2018-11-29 20:26:59,115273,1228,0
BqvHlxqHulC,2018-11-28 19:48:48,108290,1867,0
BqtAJkUHH9q,2018-11-28 00:01:56,842794,6520,0
BqpXAUTHYaQ,2018-11-26 14:05:05,341393,5407,0
BqgBcminzFl,2018-11-22 23:03:08,380263,2832,0
BqbC0vFH44u,2018-11-21 00:39:43,222552,1538,0
BqaTjoTny88,2018-11-20 17:46:20,237730,2529,1
BqQtfu-n3Oo,2018-11-17 00:20:12,266828,2123,0
BqMGK4_n-jC,2018-11-15 05:21:12,285799,5816,0
BqL9gXdHL9F,2018-11-15 04:04:09,291888,3599,0
BqK9aHXnysI,2018-11-14 18:43:48,195229,1604,0
BqJNNJNHbXj,2018-11-14 02:23:21,741655,6304,0
Bp25J-GnjYK,2018-11-06 23:41:50,920081,7618,1
Bp22ks2HzIj,2018-11-06 23:21:04,260189,4759,0
Bpzm2k1nfkW,2018-11-05 17:07:57,87639,1083,0
BptU6oOHZU8,2018-11-03 06:34:33,205418,1982,0
Bpr7XoBHuDp,2018-11-02 17:29:31,203852,1967,0
BporcpEHYZ6,2018-11-01 11:12:41,205646,2713,0
BplD_Sen9dp,2018-10-31 01:32:26,214032,1565,0
BpXWt2hnEFB,2018-10-25 17:46:16,271335,6162,0
BpV0Cain35v,2018-10-25 03:22:10,1178120,15673,0
BpI25N2Hcgb,2018-10-20 02:37:00,770418,6688,0
Bo7eUS7n5Px,2018-10-14 21:52:07,959246,7165,2
Bo1Pvivnp-g,2018-10-12 11:49:19,761625,4612,0
Bo1MXVqHYI3,2018-10-12 11:19:48,1225747,12635,0
Bo1LuyKHzez,2018-10-12 11:14:16,896345,6590,0
Boxg7IRHyfH,2018-10-11 01:02:29,382750,3193,0
BouZiY_HwWR,2018-10-09 20:00:13,147619,1528,0
Bos_WHLHAcB,2018-10-09 06:52:07,463091,5073,0
Bore-OyHbrT,2018-10-08 16:50:00,311731,2556,0
BopwHDsHnw-,2018-10-08 00:41:16,1246304,12445,0
BoiNAXxnRQq,2018-10-05 02:19:50,620466,4356,0
Bog_i-UHc6l,2018-10-04 15:09:11,158861,1976,0
BoTXvRYnPT5,2018-09-29 08:05:01,1256301,11039,0
BoTW-yUnjM8,2018-09-29 07:58:24,369973,2906,0
BoH4DtrngAK,2018-09-24 20:56:32,306757,3903,1
BoCLz8OH_yv,2018-09-22 15:54:19,277075,2180,0
Bn2DnEBlpz9,2018-09-17 22:51:09,414936,3464,0
Bn2C675FVYS,2018-09-17 22:45:08,300075,2125,0
Bn2CqXGlef-,2018-09-17 22:42:52,494250,3439,0
Bn2CIMvlVFA,2018-09-17 22:38:12,375753,2917,0
Bn2B5zDnsYF,2018-09-17 22:36:14,297583,2194,0
BnzW1FPnq1t,2018-09-16 21:41:22,433288,3004,0
Bnxe_w8FyF6,2018-09-16 04:14:15,720013,4747,0
Bnvadn1lsEX,2018-09-15 09:01:08,285262,1985,0
BnnKIGlF6ir,2018-09-12 03:59:29,668605,7064,1
BnFxmhuFYfC,2018-08-30 04:50:15,1180485,12775,0
BnEepNnlVnl,2018-08-29 16:45:21,493507,3949,0
BnC4aDSloHW,2018-08-29 01:51:59,165679,1201,0
BnBvy36lPmr,2018-08-28 15:17:30,200493,1378,0
Bm_qRKdlmlJ,2018-08-27 19:54:01,282485,7918,0
Bm3jCkNlGoA,2018-08-24 16:13:38,315171,2318,0
BmtbGWpFKU2,2018-08-20 17:51:51,315027,2490,0
BmtAayPlPks,2018-08-20 13:58:42,390870,2906,0
BmoDCZWlB6E,2018-08-18 15:45:23,568611,4307,0
Bmndso4FgkO,2018-08-18 10:19:06,720644,6831,0
BmhiVDmFY1F,2018-08-16 03:04:08,245139,4486,0
BmfjxG_Fl6v,2018-08-15 08:39:06,104932,1227,0
Bme-1XMFaiA,2018-08-15 03:15:29,297507,2280,0
BmbUFmslZqJ,2018-08-13 17:04:15,174579,1192,0
BmYVdRHlaHa,2018-08-12 13:18:29,759806,6686,0
BmSE0wsFS66,2018-08-10 02:57:42,507762,4369,0
BmMSb6Pl1NB,2018-08-07 21:01:12,307092,3024,0
BmKRODoF8yP,2018-08-07 02:12:06,186394,1656,0
BmJMTJUl_vN,2018-08-06 16:09:52,194742,2487,0
BmGpSm8F7bF,2018-08-05 16:25:28,705778,5871,2
BmD6LBaFDff,2018-08-04 14:55:16,415360,3933,0
Bl9ijoqFCO0,2018-08-02 03:33:28,836138,22066,2
Bl2akBIlCRi,2018-07-30 09:08:56,1018754,12354,0
BlyIc55F673,2018-07-28 17:13:42,934069,6865,0
Blw19gpBfAo,2018-07-28 05:14:17,285339,3064,0
Blu9JGOF3OJ,2018-07-27 11:37:10,914607,6830,0
BltsAtvlJND,2018-07-26 23:48:14,608519,7672,0
BlmospzFU6l,2018-07-24 06:04:35,650699,8368,0
Blk_hqbF59U,2018-07-23 14:45:35,484998,3907,0
BlbdKcQlK9n,2018-07-19 21:52:09,909199,7799,0
BkaEwkZFsjW,2018-06-24 12:30:10,301388,5340,0
BkQsYY_lVde,2018-06-20 21:03:05,220173,2602,0
BjyjV6KFfN_,2018-06-09 04:05:54,432029,6529,0
BjoJYamF-2Q,2018-06-05 03:06:38,237134,2728,0
BjfTOoBF1MU,2018-06-01 16:41:13,254839,2405,0
BjcjBselkOf,2018-05-31 14:59:50,954250,10134,0
BjLZbpeFwCM,2018-05-24 23:08:55,1090081,14231,2
BjGBalyF_0N,2018-05-22 21:02:51,216395,1969,0
BjF8zdfFIay,2018-05-22 20:22:33,932649,8031,0
BjDwREnFnXY,2018-05-21 23:54:31,665058,4039,0
Bi-8bmXlKef,2018-05-20 03:04:37,452664,3377,0
Bi7_G7KF7Pd,2018-05-18 23:30:17,316699,3481,0
Bi5YrHxFv2Q,2018-05-17 23:16:13,263374,4545,0
Bi1EUHKlY7s,2018-05-16 07:01:31,154524,1258,0
Bi00ByCFQB2,2018-05-16 04:38:47,738018,5967,0
Bi0WxHSF5uv,2018-05-16 00:23:06,161319,991,0
BivPvXFl5ew,2018-05-14 00:45:29,677810,2941,0
BivCF5tl-vj,2018-05-13 22:52:03,220057,2156,0
BisvvRXlg1t,2018-05-13 01:27:23,363122,2863,0
BipmYjHlv7P,2018-05-11 20:07:54,331342,2767,0
BinaPqSlSO5,2018-05-10 23:43:21,879632,5590,0
Bii6SGmlpRp,2018-05-09 05:51:51,756352,8239,0
BiiM5CfFXGP,2018-05-08 23:10:28,184731,1811,0
BiiEzDrFkil,2018-05-08 21:59:45,1430444,11830,0
BifVi2CFl9l,2018-05-07 20:28:22,742576,5764,0
BiXXognlA3t,2018-05-04 18:14:12,265891,2487,0
BiVWhPwhEsJ,2018-05-03 23:29:47,406153,8345,0
BiNr026looE,2018-04-30 23:58:19,480189,6164,0
BiNdG7NFSpb,2018-04-30 21:48:07,1315264,8858,0
BiLhnM_lLbG,2018-04-30 03:49:00,1258757,6402,0
BiLEfzalyhm,2018-04-29 23:34:58,694308,4576,0
BiJPmVNlGrt,2018-04-29 06:33:07,1975736,10860,10
BiH7j0QliKl,2018-04-28 18:20:20,139656,1321,6
BiFGGfElg7t,2018-04-27 15:53:10,170904,1416,0
Bh8YNfIFxKK,2018-04-24 06:38:14,325660,2333,0
Bh5b4fhlTf0,2018-04-23 03:14:32,203513,2239,0
Bh5Kva2FMig,2018-04-23 00:42:55,156249,1389,0
Bh5FfDglyUj,2018-04-22 23:56:54,325612,2413,0
BhpnlAFFKD0,2018-04-16 23:47:43,320977,5791,0
BhnBdTfFiDx,2018-04-15 23:37:35,228605,2142,0
BhlMMoXF9QK,2018-04-15 06:30:44,1514605,13679,2
BhetsovFpdc,2018-04-12 18:08:47,397616,4719,0
BheOtaolF5u,2018-04-12 13:39:07,166289,1710,0
BhX1CydFxUL,2018-04-10 01:58:59,289505,3155,0
BhW-bI8lD6H,2018-04-09 18:01:45,129389,1472,0
BhVW1kQFrRf,2018-04-09 02:56:27,334374,4462,0
BhPXLj0F1c4,2018-04-06 19:03:25,327077,2363,0
BhCuEL9lRQt,2018-04-01 21:13:36,298533,4711,0
BhBJCOMlD64,2018-04-01 06:30:26,1047704,9119,0
Bg9Q8kiFxZk,2018-03-30 18:22:37,307490,1928,0
Bg4v--tFOso,2018-03-29 00:19:19,220459,1870,0
Bgzkh82lzXu,2018-03-27 00:01:20,215049,2289,0
BgyuB46FQOr,2018-03-26 16:05:37,109200,1871,0
BgwuGNllspV,2018-03-25 21:27:12,563749,6823,0
Bgufzgsl1bm,2018-03-25 00:43:50,846400,3602,0
BgrNfBwFV5k,2018-03-23 18:06:02,251729,2023,0
BgoYUQ-FwzD,2018-03-22 15:42:58,658768,3603,0
BgoGkTiFFiL,2018-03-22 13:07:52,160106,1600,0
BgnJ46olhIc,2018-03-22 04:17:39,1297855,13731,0
Bgj5BallIGK,2018-03-20 21:53:01,273545,3342,0
Bgja9bJFpq8,2018-03-20 17:30:34,128275,876,0
Bge0sieFkVS,2018-03-18 22:40:08,326292,4100,0
BgeUW8CFm-n,2018-03-18 17:55:58,154845,1255,0
BgcppACli4Z,2018-03-18 02:23:54,860536,17327,0
BgWnv9fl0E-,2018-03-15 18:11:29,333722,8200,0
BgSow94lldX,2018-03-14 05:03:24,149751,2963,0
BgRInQsl2nG,2018-03-13 15:06:18,116417,1887,0
BgPC7wRFh-W,2018-03-12 19:35:06,231398,2665,0
BgPCxp1lifO,2018-03-12 19:33:43,1336605,13383,0
BgMO578lUDo,2018-03-11 17:25:36,232767,3842,0
BgKN17IlP-_,2018-03-10 22:36:36,326986,6940,0
BgHcs8zFGvI,2018-03-09 20:57:58,189160,2296,0
BgEmC6TFtXU,2018-03-08 18:22:47,209213,3430,0
BgEgOhwFtqT,2018-03-08 17:19:48,119089,964,0
BgC7TtilrR9,2018-03-08 02:38:27,257420,2576,0
BgBDVu9lHRA,2018-03-07 09:10:29,175823,2216,0
BgAc7dDlfGN,2018-03-07 03:35:03,102911,996,0
Bf_AmmQl7CK,2018-03-06 14:07:14,112927,1548,0
Bf99ASSl5yJ,2018-03-06 04:16:45,175348,1439,0
Bf2N3eClqJg,2018-03-03 04:09:37,311029,2805,0
Bf2NyxAl2i6,2018-03-03 04:08:59,287834,1035,0
Bf2NvI3F4TE,2018-03-03 04:08:29,442458,1460,0
Bf1YFvTlxbl,2018-03-02 20:24:01,137755,785,0
BfzNMSzFcC6,2018-03-02 00:06:35,140014,838,0
BfxMwyWl0TJ,2018-03-01 05:23:46,236870,2869,0
BfscJ5pFcRH,2018-02-27 09:02:39,163931,7256,1
BfrKljwFqcr,2018-02-26 21:12:36,151423,4290,0
BfNEHiPlaFq,2018-02-15 04:39:51,479430,11304,0
BfH_3kLF_m_,2018-02-13 05:23:17,148767,2982,0
BfFKLwnlfiS,2018-02-12 02:54:39,545274,3763,0
Be3-eHdFyHL,2018-02-07 00:02:46,204052,4304,0
Be3bHWtFQZP,2018-02-06 18:53:14,484460,4044,0
Be3aHbyl_eY,2018-02-06 18:44:30,698439,4202,0
Be3ZYvRFM25,2018-02-06 18:38:08,557945,4012,0
Be3YzXAFLfR,2018-02-06 18:33:02,300910,2103,0
Be3YZYFlhlR,2018-02-06 18:29:29,337709,1948,0
Be3X_xLFo2r,2018-02-06 18:25:59,747457,6033,0
BeyyF34F0wO,2018-02-04 23:37:48,910708,10147,0
BexFc9EFLhI,2018-02-04 07:51:00,273824,3478,0
BerrpBzFLWq,2018-02-02 05:26:45,260669,2131,0
Beo6NM3FcNy,2018-02-01 03:36:18,733949,7186,0
BeblCXzF7Hf,2018-01-26 23:21:12,210329,1939,0
BeZvrmlF4Ux,2018-01-26 06:15:44,140994,1030,0
BeXchJzFkhJ,2018-01-25 08:49:48,206304,2993,1
BeV8mCqFvFi,2018-01-24 18:51:36,238563,1316,0
BeV8fNUF89V,2018-01-24 18:50:40,148611,609,0
BeV8a_hlOYQ,2018-01-24 18:50:06,222917,880,0
BeV8Wf8F8YW,2018-01-24 18:49:29,211784,789,0
BeV8PO3FvJx,2018-01-24 18:48:29,227740,842,0
BeV8JNUlFSZ,2018-01-24 18:47:40,209198,854,0
BeV8DRLl1Gd,2018-01-24 18:46:51,258519,1204,0
BeUwadXlgM2,2018-01-24 07:47:34,127538,1515,0
BeT_Wq-Fd6x,2018-01-24 00:40:16,186324,1809,0
BeSR7qQFmqs,2018-01-23 08:41:06,1011359,6239,0
BeMQLBKls9c,2018-01-21 00:30:16,911936,5553,0
BeGzcHIFSYe,2018-01-18 21:43:00,474150,6235,0
BeE_5Rml2rE,2018-01-18 04:53:21,682478,6184,0
BeDvXSvFsay,2018-01-17 17:09:40,208509,1702,0
BeBfSnjFGvB,2018-01-16 20:12:56,134019,1705,0
BeA12itlI6z,2018-01-16 14:09:54,313372,4056,0
Bd6_lxBl6R9,2018-01-14 07:38:17,847509,8318,0
Bd6TlmMl9iQ,2018-01-14 01:15:38,213072,3029,0
BdTWjLWFZHT,2017-12-29 22:09:17,1055636,11723,0
Bc-q5znlEKv,2017-12-21 21:23:05,1342197,14568,0
Bc785USlFcg,2017-12-20 20:04:22,262213,7333,0
Bc6JK-YlrFa,2017-12-20 03:14:45,189756,4155,2
Bc5spM7l_Ke,2017-12-19 23:02:06,543660,6672,1
Bc5l6Pdl4KN,2017-12-19 22:03:15,428906,4419,1
Bc5fP_KleiK,2017-12-19 21:05:03,388630,4015,1
Bc5X7cqll3V,2017-12-19 20:01:05,661969,7329,1
Bc5Pi67l-oI,2017-12-19 18:47:50,789709,4140,0
Bc39rVZFSOw,2017-12-19 06:52:27,694204,4808,0
Bc2Q7gkF7xg,2017-12-18 15:03:12,140849,3467,0
Bc18TDpl-Mn,2017-12-18 12:02:44,188795,4129,0
Bcya2XpFBwj,2017-12-17 03:12:59,131550,3451,0
BcvgkuuFYib,2017-12-16 00:05:37,152998,1735,0
BcpnCzxFYNx,2017-12-13 17:07:15,178747,8492,0
BcSyPoSFCZS,2017-12-04 20:22:02,299682,5980,0
BcIZJ2iFpFi,2017-11-30 19:29:00,233965,2595,0
BcGBo6TFhHV,2017-11-29 21:25:03,196717,1799,0
BcEoRbzlzoV,2017-11-29 08:24:09,244403,1800,2
BcBZHzVlHnD,2017-11-28 02:14:54,252924,6462,0
BcAYUuoFq_k,2017-11-27 16:51:13,143547,1541,0
Bb46TdKF3ID,2017-11-24 19:11:07,244870,9831,0
BbzbWCylFZJ,2017-11-22 16:04:06,411245,3062,0
BbuwouhFTLu,2017-11-20 20:33:57,346526,2861,0
Bbs4PIKlkKg,2017-11-20 03:01:52,114418,936,0
BbltHuRldRg,2017-11-17 08:10:03,624721,4757,0
BbfuLrKlEHz,2017-11-15 00:23:53,149049,1917,0
BbewmljFc5M,2017-11-14 15:25:48,796796,5052,0
BbdNxuzlx3j,2017-11-14 01:02:15,325069,3495,0
BbLCCw3llDW,2017-11-06 23:33:23,191582,3745,0
BbKFri9l69-,2017-11-06 14:45:56,418193,2763,0
Ba4YTALl9_e,2017-10-30 17:42:16,145342,3320,0
Ba4TrHhFq3S,2017-10-30 17:01:52,412740,4298,0
BaxQEqflsJk,2017-10-27 23:15:44,300585,2728,0
BarI8-_F_Lq,2017-10-25 14:18:04,225525,10995,0
BamlHIGFavt,2017-10-23 19:47:55,168954,4339,0
BaXEbXNloUC,2017-10-17 19:13:43,509310,5499,0
BaUlj0BFrL1,2017-10-16 20:05:30,174705,1853,0
BaR5O3MF8Zm,2017-10-15 18:59:41,457145,2743,0
BaMxXHQlWiB,2017-10-13 19:14:42,188383,1870,0
BaH6u-WFTMI,2017-10-11 22:00:24,964909,5786,0
BaH52zuF5hV,2017-10-11 21:52:44,225007,1639,0
BaEtB-plcrw,2017-10-10 16:02:56,145412,1326,0
BaAznoalfn8,2017-10-09 03:43:33,658160,4704,0
BZ9OXMrFLGh,2017-10-07 18:20:16,386935,3234,0
BZ9NfytFuVX,2017-10-07 18:12:42,1050488,6000,0
BZ4DeiGlaqg,2017-10-05 18:08:57,205310,1867,0
BZwx8oVle7s,2017-10-02 22:21:05,168061,1882,0
BZuNcVKFsMD,2017-10-01 22:23:38,289468,2985,0
BZpwuJ8l4IB,2017-09-30 04:55:42,810779,4983,0
BZj-5meF9tw,2017-09-27 23:04:09,219474,2008,0
BZSi4cFlPD4,2017-09-21 04:32:14,417284,4563,0
BZShy8cF15J,2017-09-21 04:22:45,305704,1554,0
BZSg3FhF2Zd,2017-09-21 04:14:34,400815,1684,0
BZSgUwZlYSl,2017-09-21 04:09:53,292375,1102,0
BZSdwvVFA1l,2017-09-21 03:47:29,398666,1542,0
BZScnxxl8Q3,2017-09-21 03:37:32,607313,3692,0
BZSa38tlIhT,2017-09-21 03:22:15,312362,1408,0
BZSaNaelAUP,2017-09-21 03:16:27,266538,1685,0
BZSZkjMFizZ,2017-09-21 03:10:52,381799,1081,0
BZSYsTEFlns,2017-09-21 03:03:11,214414,1076,0
BZSX-gNlMSZ,2017-09-21 02:56:56,757688,3554,0
BZSXMa4lkif,2017-09-21 02:50:06,302907,1830,0
BZPW6AtFntQ,2017-09-19 22:49:52,532485,3968,0
BZM5S5ZlTS-,2017-09-18 23:52:38,222747,3597,0
BZKtsIlF0Ge,2017-09-18 03:32:45,140542,1657,0
BZHUNSIlGXt,2017-09-16 19:52:21,212823,2628,0
BZFNYAKlPV9,2017-09-16 00:14:10,185522,2084,0
BZC0rRzFpdR,2017-09-15 01:59:52,194669,2788,0
BZAGz_IDCXj,2017-09-14 00:40:37,184856,2253,0
BZAFEmuj54x,2017-09-14 00:25:25,255997,1476,0
BY9XMB4DtMW,2017-09-12 23:06:00,180765,2926,0
BY6TxTOjixU,2017-09-11 18:38:25,183641,3143,0
BY4hIXGjwVB,2017-09-11 01:56:40,183032,2845,0
BY1b4sfDFTm,2017-09-09 21:13:07,220521,2819,0
BY1F7scDX4h,2017-09-09 18:01:18,171954,1079,0
BYz5piZDEyp,2017-09-09 06:54:43,929164,9892,3
BYvnOMpDVDQ,2017-09-07 14:56:44,283559,8515,0
BYtouOnDRjM,2017-09-06 20:31:22,187428,1162,0
BYeWbnulL9i,2017-08-31 22:02:56,758660,7359,0
BYZ2P6cF6RR,2017-08-30 04:04:45,831696,7033,1
BYZOfJwjZMn,2017-08-29 22:17:18,483081,5157,0
BYVWqZOl8BW,2017-08-28 10:11:47,854000,7784,0
BYSMO1QFyQ5,2017-08-27 04:42:55,676352,6314,0
BYKwHw3F60u,2017-08-24 07:22:36,411015,23845,0
BYKLvojF0hi,2017-08-24 02:04:44,766284,9866,0
BYJUmeSF-L9,2017-08-23 18:02:53,306678,2770,0
BYEibR2Dl9X,2017-08-21 21:27:29,247641,2409,0
BYDAc_hFqQS,2017-08-21 07:11:23,219181,4760,0
BYCq1BPFWNW,2017-08-21 04:02:26,308251,2564,0
BX8sV6XFK6I,2017-08-18 20:20:13,164042,1782,0
BX6NMXHlXpD,2017-08-17 21:09:33,184514,2723,0
BX5wzfAl8ds,2017-08-17 17:01:29,151500,988,0
BX5qM9EFNkN,2017-08-17 16:03:47,202081,1433,0
BX5OunjFJif,2017-08-17 12:03:43,127486,2058,3
BX0kGEIDUyo,2017-08-15 16:34:13,206271,2035,0
BXqmkb3lZbS,2017-08-11 19:43:26,395128,2584,0
BXn77jBFHCJ,2017-08-10 18:52:22,732580,6240,0
BXjWFvdFvHt,2017-08-09 00:04:45,149312,2178,0
BXgJkixlofI,2017-08-07 18:17:38,212065,2240,0
BXYkHJSjc_d,2017-08-04 19:35:38,224487,3060,0
BXVfojEFkxM,2017-08-03 14:58:47,420309,3003,0
BXRMSVllJC4,2017-08-01 22:52:46,256048,1509,0
BXObCNxFnZE,2017-07-31 21:03:55,154281,1791,0
BXNv7iJljdK,2017-07-31 14:47:15,423068,2353,0
BXI9kypldK2,2017-07-29 18:10:17,225647,2034,0
BXGlKVplzbK,2017-07-28 19:58:29,651374,3972,2
BXD1NARF65t,2017-07-27 18:20:56,248850,4133,0
BXCgODYFqJu,2017-07-27 05:58:20,939335,10565,0
BXB0GBRFJXu,2017-07-26 23:32:45,166833,993,0
BW-xOC-F8Ck,2017-07-25 19:09:55,289278,2150,0
BW8UbH0FjS8,2017-07-24 20:19:49,859841,7339,0
BWy-pYIFNSW,2017-07-21 05:16:21,337996,2776,0
BWvfxrQFgBn,2017-07-19 20:48:53,208778,2100,0
BWt_hf6l4nk,2017-07-19 06:47:49,196206,1667,0
BWtNB8llJCZ,2017-07-18 23:26:36,604860,5698,0
BWqiIJflSxn,2017-07-17 22:33:14,131143,934,0
BWoAH4pl_Tj,2017-07-16 22:57:37,143378,1115,0
BWg1IFoFQ64,2017-07-14 04:06:50,232669,2028,0
BWd7IdSlAF_,2017-07-13 01:01:36,179415,2360,0
BWbTimWFZ5V,2017-07-12 00:37:10,267843,10409,0
BWX4DEIFMwu,2017-07-10 16:39:12,573448,5124,0
BWGGANBF1ty,2017-07-03 18:54:49,322335,29805,0
BV-zsxwFy8k,2017-06-30 23:00:12,457535,4174,0
BV-Q1LZFS8A,2017-06-30 17:55:30,640251,6464,0
BV80AxIF-eh,2017-06-30 04:24:26,249082,2561,0
BV5-9IIFzvU,2017-06-29 02:02:21,218202,2528,0
BV20_hiFfUa,2017-06-27 20:37:34,176012,7247,0
BV0u6RHjdor,2017-06-27 01:05:56,601826,5373,0
BVxlbJzlu3q,2017-06-25 19:45:20,262339,2107,0
BVw8B36lVbk,2017-06-25 13:43:37,605090,6145,2
BVw6ISaFHVJ,2017-06-25 13:27:01,505427,2751,0
BVvfPDplODu,2017-06-25 00:12:46,362298,3688,2
BVigiNIDbCC,2017-06-19 23:13:59,211760,3980,0
BVbM8u6jPPC,2017-06-17 03:08:10,324809,2488,0
BVay0GqjICR,2017-06-16 23:19:48,210422,1025,0
BVadO6vDmyU,2017-06-16 20:11:13,255166,1455,0
BVZzB4lD9Dl,2017-06-16 14:02:26,280951,1912,0
BVYwTi8DGZ5,2017-06-16 04:19:24,204934,1442,0
BVYo-DtDKzL,2017-06-16 03:15:18,245678,670,0
BVX-04ZjvXG,2017-06-15 21:07:02,365782,1661,0
BVXs4YODsoA,2017-06-15 18:30:14,153978,467,0
BVXd9DvDjmE,2017-06-15 16:19:48,165398,1403,0
BVWlSvHDIoj,2017-06-15 08:04:41,522067,2427,0
BVWZZJ-jB9_,2017-06-15 06:20:42,310887,1467,0
BVV2cL_DdpZ,2017-06-15 01:15:17,179291,1185,0
BVVgJ0EDDN8,2017-06-14 22:00:32,232875,2738,0
BVVGt0NDaCO,2017-06-14 18:18:15,367405,1290,0
BVUx93ija9w,2017-06-14 15:16:57,288386,851,0
BVUpSoqjfFZ,2017-06-14 14:01:08,228337,938,0
BVUA6RRjEFb,2017-06-14 08:08:17,239380,1607,0
BVSu31xjJQy,2017-06-13 20:11:26,273761,1376,0
BVSEdvhjcne,2017-06-13 14:00:52,565434,3416,0
BVRiztijteL,2017-06-13 09:06:46,610710,3138,0
BVQevFJjX_8,2017-06-12 23:11:57,130151,878,0
BVQP_jPDVgO,2017-06-12 21:03:07,221185,1043,0
BVPh_WEDe9I,2017-06-12 14:21:08,191148,1485,0
BVOblsmjEmv,2017-06-12 04:05:58,266899,1499,0
BVOUuu2Dsev,2017-06-12 03:06:02,512340,1147,0
BVNqvPCj0Dw,2017-06-11 20:59:06,150416,746,0
BVNe_0yD7K8,2017-06-11 19:16:30,228823,2203,0
BVNav9zDwOl,2017-06-11 18:39:23,296854,1681,0
BVNSJYeD3K5,2017-06-11 17:24:13,476680,2731,0
BVMQyTVjEcd,2017-06-11 07:53:05,152029,1303,0
BVLubXqDqMH,2017-06-11 02:52:52,181763,912,0
BVLijAnjdYb,2017-06-11 01:09:03,125899,521,0
BVLTUSmDfhz,2017-06-10 22:55:58,548885,4315,0
BVK6Oiqj5oS,2017-06-10 19:16:43,114920,659,0
BVK0WjCj9XM,2017-06-10 18:25:23,193019,966,0
BVJbGXDDQ-t,2017-06-10 05:25:29,226061,1746,0
BVJNSevDDQ5,2017-06-10 03:24:48,289676,2045,0
BVJAURIjwCn,2017-06-10 01:31:27,142721,1115,0
BVI2ufdjwJD,2017-06-10 00:07:39,138700,727,0
BVIxp5pDFds,2017-06-09 23:23:20,219156,1650,0
BVIXWjSjIb2,2017-06-09 19:33:30,178276,1214,0
BVIT-roDx_v,2017-06-09 19:04:02,150807,1062,0
BVH_C4RDFlF,2017-06-09 16:01:06,127832,671,0
BVHIuXKjb4c,2017-06-09 08:06:26,161691,2714,0
BVG2nS_jcGK,2017-06-09 05:28:11,254662,1912,0
BVGs0ZZDKRR,2017-06-09 04:02:36,435111,5017,0
BVGlrwWDIuM,2017-06-09 03:00:15,158965,1250,0
BVGLgJMjicn,2017-06-08 23:11:28,162965,1120,0
BVFMx_NjqjB,2017-06-08 14:03:24,196719,1813,0
BVEcvGaDgw5,2017-06-08 07:03:35,148136,1724,0
BVEJChfjkP3,2017-06-08 04:11:28,175871,1374,0
BVDwBHgDMok,2017-06-08 00:32:50,375558,2174,0
BVDbxspjmA1,2017-06-07 21:35:57,467584,2567,4
BVA_zg0jy_k,2017-06-06 22:53:03,184739,1596,0
BVAfXyQDURu,2017-06-06 18:09:39,359274,4514,0
BU_YJoED9g5,2017-06-06 07:47:19,669632,3748,0
BU199UdD0E5,2017-06-02 16:05:16,230548,4439,0
BU06DXCDUb2,2017-06-02 06:11:54,249667,6762,0
BU0ZBpLjqjV,2017-06-02 01:23:19,473851,2481,0
BUxCQGGDAJ1,2017-05-31 18:06:35,394719,4427,0
BUucDFmjtrN,2017-05-30 17:54:17,428441,3297,0
BUrSmMgD9Cz,2017-05-29 12:33:58,187804,1471,0
BUpwekODmR4,2017-05-28 22:16:36,635030,4295,0
BUnwC4GDN70,2017-05-28 03:34:20,665942,3693,0
BUnhqkyjhaD,2017-05-28 01:28:41,664267,3409,0
BUnhWuGjfuk,2017-05-28 01:25:58,974080,5156,0
BUnLjjZDMNa,2017-05-27 22:15:29,160671,917,0
BUed1nXjyJg,2017-05-24 13:02:04,490616,4434,0
BUZUQoBDqEg,2017-05-22 13:02:10,173102,3813,0
BUZNyIVDQ6z,2017-05-22 12:05:35,554208,10098,0
BUYd-T8jLsv,2017-05-22 05:07:49,512276,3822,4
BUYdRhnDAFo,2017-05-22 05:01:42,550517,2989,0
BUVSwdnju0Y,2017-05-20 23:32:05,288546,7525,5
BUVMt_UDTy_,2017-05-20 22:39:19,262245,2412,0
BUUwJJ-D1LW,2017-05-20 18:29:37,277588,2151,0
BUS6a5sj5nb,2017-05-20 01:20:57,295580,4105,0
BUQtwYZD8Yf,2017-05-19 04:51:48,242032,5985,0
BUQkbM2DR6y,2017-05-19 03:30:16,415394,5626,0
BUQg-_OjGUF,2017-05-19 03:00:12,415229,4182,1
BUOCKs4jIdu,2017-05-18 03:52:26,329325,2554,0
BUNX2XMhCmp,2017-05-17 21:42:39,148332,849,0
BULPHzcjvtt,2017-05-17 01:47:55,256255,1626,0
BUKuO4PDSVw,2017-05-16 21:00:31,449851,3493,0
BUHE_EGDipD,2017-05-15 11:02:22,289411,9615,0
BUGxiMejQ1W,2017-05-15 08:12:24,634985,2828,0
BUFgOffDix9,2017-05-14 20:21:56,328658,2087,0
BUFbVlZDybo,2017-05-14 19:39:12,292659,7744,0
BUD0KqFjwuk,2017-05-14 04:37:41,406729,2270,0
BUDy_Fdjeep,2017-05-14 04:27:22,398439,9355,0
BUBx0X3DzK8,2017-05-13 09:38:41,258400,2843,0
BUAi7SPDLrn,2017-05-12 22:09:19,566411,11922,0
BUANy0yDF6E,2017-05-12 19:04:40,599520,3904,1
BT9pJjqjUef,2017-05-11 19:05:58,251491,1781,0
BT9bngXjswb,2017-05-11 17:07:44,283548,1489,0
BT8NpK0jdKm,2017-05-11 05:46:23,545260,3653,1
BT7hS-UDFnD,2017-05-10 23:18:52,200989,1269,0
BT4xx7lj0lQ,2017-05-09 21:45:11,782215,4799,0
BT2mlC1DT9Q,2017-05-09 01:28:50,414571,15670,0
BT2ZH5_jojc,2017-05-08 23:31:15,193319,1377,0
BTzZlY2Dtok,2017-05-07 19:37:34,273967,2767,0
BTxDygwDVxx,2017-05-06 21:48:38,558627,2895,2
BTwvGVtj0Mr,2017-05-06 18:47:50,287374,3232,1
BTo3tC9DVn1,2017-05-03 17:29:06,213612,2632,0
BTnwwpujqVT,2017-05-03 07:09:11,576428,2299,0
BTmieXIj2tt,2017-05-02 19:45:07,233387,2455,0
BTk3cvxDjER,2017-05-02 04:09:55,281348,4150,2
BTiB7GkDove,2017-05-01 01:43:43,568514,7195,0
BThDB8GDlDO,2017-04-30 16:34:09,715328,4958,0
BTepQ6WjsEO,2017-04-29 18:10:31,497144,8710,0
BTcuASXD0_s,2017-04-29 00:13:28,327506,2557,0
BTcVUJrDoq8,2017-04-28 20:37:43,664821,3582,0
BTcDOU6jg_f,2017-04-28 17:59:38,417056,3402,0
BTakOqsjQYP,2017-04-28 04:09:34,812874,11011,4
BTXOjlqDt9O,2017-04-26 21:02:28,317995,9404,1
BTSS1tjjzL8,2017-04-24 23:03:41,171841,3421,1
BTKsgc7j5El,2017-04-22 00:14:03,1243328,21470,6
BTKc6aUD1ql,2017-04-21 21:57:47,1052350,10559,4
BTIQWZ6D4Kf,2017-04-21 01:29:32,532906,6004,6
BTH16jVjczu,2017-04-20 21:38:32,173541,1261,0
BTD13fsjdnY,2017-04-19 08:21:09,682010,3323,0
BTDJ-gkD2HC,2017-04-19 01:57:38,288597,24515,35
BTCvGUtjv-F,2017-04-18 22:02:46,474847,1906,0
BS9kWgSDV89,2017-04-16 21:52:39,318595,2913,0
BS8TVtijM_X,2017-04-16 10:04:46,650891,2952,0
BS61qbbjjyf,2017-04-15 20:26:12,200311,1233,0
BS43pC7D9Wb,2017-04-15 02:05:01,805333,5772,3
BS4kBe0De9q,2017-04-14 23:13:35,451193,5197,0
BS2XCERDLKs,2017-04-14 02:41:35,469250,2413,1
BS2HxySDGLr,2017-04-14 00:28:18,344946,5758,0
BS2FUU1jT3F,2017-04-14 00:06:48,468366,2071,0
BS1-4-tjH0-,2017-04-13 23:10:38,361229,1723,0
BS10LJpjKhl,2017-04-13 21:37:00,396763,1793,0
BS1n9O_jHpa,2017-04-13 19:50:14,694838,3795,0
BS08e7kjSzA,2017-04-13 13:30:21,456298,2929,0
BSxcpEBDYbD,2017-04-12 04:54:24,406355,3539,0
BSuewASD20l,2017-04-11 01:15:06,328251,2780,48
BSt17v6jXqz,2017-04-10 19:18:27,663920,11568,7
BSm1-xnDi3B,2017-04-08 02:04:10,635680,5168,1
BSmqNx5jEnC,2017-04-08 00:21:22,250967,1997,0
BSmGCjlDksL,2017-04-07 19:05:15,456374,1831,0
BSlxtQ1jyqp,2017-04-07 16:07:35,195144,1286,0
BSg_4AUDUge,2017-04-05 19:35:11,263262,2067,0
BSfsrHujog7,2017-04-05 07:28:10,902451,17779,4
BSfsRXjD-H0,2017-04-05 07:24:39,252927,1579,1
BSXFMH8D3Yf,2017-04-01 23:09:13,637672,6545,2
BSUNG2QjpAE,2017-03-31 20:20:41,369839,3856,0
BSTwVqDDN9I,2017-03-31 16:09:18,493024,2253,0
BSRl08ujAop,2017-03-30 19:58:58,253714,1916,1
BSQMw-JjTwH,2017-03-30 07:00:44,200562,1252,0
BSIV6lxj-t9,2017-03-27 05:46:46,321685,3771,0
BSIVfBwjHoj,2017-03-27 05:43:00,289094,4115,0
BSH5m0fDj3g,2017-03-27 01:39:24,205439,993,0
BSBhCPZjGdR,2017-03-24 14:09:15,287150,2434,0
BR_wGckD7gM,2017-03-23 21:42:25,452916,2733,0
BR9xGg1Dm7U,2017-03-23 03:12:41,617233,3377,0
BR3gZ2bjWy0,2017-03-20 16:51:19,428483,4934,2
BRwjlahjQe-,2017-03-18 00:04:26,208546,2596,0
BRrQuYfDK1w,2017-03-15 22:43:26,476772,8332,1
BRmW8XyDYRm,2017-03-14 01:01:34,571476,4922,0
BRfBV8vDvhM,2017-03-11 04:38:08,211843,3270,0
BRboXtIDMmg,2017-03-09 21:02:12,452828,2604,0
BRY8x15jaEY,2017-03-08 20:02:49,220560,2234,0
BRW1at6jAvq,2017-03-08 00:20:00,212376,2013,2
BRSTEmNjrLK,2017-03-06 06:02:56,724212,7191,2
BRSM0AVD834,2017-03-06 05:08:14,341722,7000,2
BRRvSKxDAak,2017-03-06 00:50:12,297921,2176,0
BRRVd4BDaBi,2017-03-05 21:04:37,340943,5278,0
BRPR3KvDKc_,2017-03-05 01:54:38,240778,1833,0
BRMsIgJjBE0,2017-03-04 01:46:28,556164,2988,0
BRKFDlfjufJ,2017-03-03 01:26:32,416992,12670,30
BRJ5D8tjniY,2017-03-02 23:41:43,469275,15128,21
BRHahSwhSVB,2017-03-02 00:36:22,233891,1831,2
BRCeUk6jsWa,2017-02-28 02:33:23,756303,6788,1
BRBxdyKj6s0,2017-02-27 20:01:25,325924,2285,3
BQ_jVBzD6Yl,2017-02-26 23:19:25,221957,1404,0
BQ9dRUmjtQX,2017-02-26 03:48:00,364771,6258,0
BQ8QgG5jkNS,2017-02-25 16:37:11,239272,1206,0
BQ1ZwgNDRU6,2017-02-23 00:43:22,1162906,12677,0
BQ1UdnIjGhW,2017-02-22 23:57:06,556302,3308,0
BQ1E2ZhDlvL,2017-02-22 21:40:41,336073,3958,0
BQ0qPHzjMza,2017-02-22 17:48:08,254674,1679,6
BQ0kCc_ji3M,2017-02-22 16:53:58,449573,2230,0
BQ0RDYBDnK_,2017-02-22 14:08:04,516365,2583,1
BQxhFdKjTaG,2017-02-21 12:30:26,550858,4942,0
BQwD28cDxDW,2017-02-20 22:55:49,150814,1193,0
BQvEtm3jIUs,2017-02-20 13:44:02,158945,1401,0
BQtY-a4jfGi,2017-02-19 22:02:37,165796,1352,0
BQsXMiEDXvU,2017-02-19 12:27:49,182114,1533,0
BQo0cHHD4vu,2017-02-18 03:26:24,314420,3804,0
BQlvGZ9j45Z,2017-02-16 22:42:01,162359,1432,0
BQloIJFDCgH,2017-02-16 21:41:05,199061,1473,0
BQlnwiEjjAh,2017-02-16 21:37:52,196181,2156,0
BQlF9T2gLdF,2017-02-16 16:42:31,564589,10871,0
BQf0ju8gBL9,2017-02-14 15:34:16,265342,5847,0
BQcKRVaAFYE,2017-02-13 05:27:02,828089,17458,0
BQWNg0eg24-,2017-02-10 21:59:55,210223,6099,0
BQUZmt-ADwM,2017-02-10 05:07:06,368023,7637,0
BQTZd-mggKH,2017-02-09 19:46:40,349754,5775,0
BQQgVoHg9fk,2017-02-08 16:48:58,397602,2648,7
BQQZCq2Ahz9,2017-02-08 15:45:13,239784,6469,7
BQQURSuglZn,2017-02-08 15:03:31,243708,2691,3
BQOmXkNgRI3,2017-02-07 23:03:11,254794,8003,3
BQOCHFmAW50,2017-02-07 17:46:22,364163,5981,3
BQMb2LCAURu,2017-02-07 02:52:46,1087808,19295,16
BQLnvIPArbC,2017-02-06 19:17:25,220618,1837,0
BQDzsQOguZu,2017-02-03 18:27:58,175541,2003,0
BP_gDQmAHNU,2017-02-02 02:19:23,197594,1664,0
BPlA_mBA_Ub,2017-01-22 19:27:44,326456,5715,1
BPjNY3BAXSs,2017-01-22 02:37:34,592852,4196,0
BPh5v6Eg8Zy,2017-01-21 14:26:43,425855,3657,10
BPLUwxKgRUU,2017-01-12 20:00:13,243755,3659,0
BPHh9nMgo5e,2017-01-11 08:38:37,1019835,5691,3
BPBj_p7gYQV,2017-01-09 01:00:55,327439,2711,0
BO6Jy7VgD__,2017-01-06 03:57:19,386668,3184,0
BOwc52QA_Ey,2017-01-02 09:31:52,341328,4577,0
BOganU1gjuF,2016-12-27 04:04:01,1018378,21060,3
BOaBKg5gNs6,2016-12-24 16:26:11,292477,3098,0
BOXr7TpAVwS,2016-12-23 18:42:08,278682,6156,101
BOTAeOMgmjs,2016-12-21 23:05:28,588717,5874,44
BNlnMrKA9F4,2016-12-04 07:58:47,555246,12420,0
BNfPJ9tAOsH,2016-12-01 20:33:15,496609,9604,12
BNNZH0EguSb,2016-11-24 22:14:01,314772,4699,0
BM5zlgGgpCu,2016-11-17 07:40:27,312542,4189,0
BMsQDEogixV,2016-11-12 01:19:47,279628,6856,9
BMkJVvqgiW9,2016-11-08 21:47:15,610992,9970,3
BMhIV7TAL4Y,2016-11-07 17:40:49,387669,11623,212
BMdS5WcA6Pg,2016-11-06 05:56:04,1071671,14212,15
BMX95dOg3Mf,2016-11-04 04:16:23,215704,3436,0
BMPN32Yg3zn,2016-10-31 18:42:48,470134,3093,0
BMLXsbFg81q,2016-10-30 06:51:40,618353,3590,7
BMKy-fMA39o,2016-10-30 01:30:49,554950,5084,38
BMIzQ8TgsZH,2016-10-29 06:54:51,532034,5365,83
BMAj-MYApTv,2016-10-26 02:07:18,474821,12803,21
BL5Yq02gzeS,2016-10-23 07:13:51,793940,16221,9
BLpA4TKAdPr,2016-10-16 22:38:08,762163,10869,0
BLhevmWgELj,2016-10-14 00:25:10,398781,3493,14
BLaV3V3Ay99,2016-10-11 05:52:53,671250,5136,17
BLSkmeRgdGr,2016-10-08 05:27:44,412300,4470,0
BK9NqzXAcis,2016-09-29 22:23:18,218736,3958,0
BK29U8vAYJa,2016-09-27 12:05:04,462790,7647,49
BK1WdSKAJ5p,2016-09-26 21:06:10,372943,8356,51
BKs0d6kgnUq,2016-09-23 13:35:14,684115,6665,136
BKjcPd8gj9T,2016-09-19 22:10:23,601103,10158,0
BKc_rN3A2S0,2016-09-17 10:05:19,747814,7005,0
BKbaCqSAemk,2016-09-16 19:17:14,749795,6697,1
BKYzeBsg4vq,2016-09-15 19:01:42,620817,17118,0
BJ_nGg1AcFP,2016-09-06 00:12:37,502701,7505,0
BJ5usssAGFC,2016-09-03 17:23:34,831830,8811,43
BJ3mv_CA1e0,2016-09-02 21:35:37,803841,8378,43
BJqpEEXgkSM,2016-08-28 20:45:43,305625,6741,0
BJljjroAYqm,2016-08-26 21:21:24,330018,4344,0
BJjGYSEgwpG,2016-08-25 22:27:57,665097,5630,1
BJEkKVzAYL-,2016-08-14 01:51:44,798533,22004,1
BI_oxL3AxWS,2016-08-12 03:55:48,336896,6538,0
BI8Bs8Kgr_g,2016-08-10 18:16:42,996184,19436,6
BItM2KLACfN,2016-08-05 00:05:28,782292,15777,2
BIkOVNuASoT,2016-08-01 12:25:17,376382,12016,0
BIixZdygKIj,2016-07-31 22:53:13,605582,6088,0
BIapGCag5rs,2016-07-28 19:06:44,491549,9292,3
BIK3zEWAB4r,2016-07-22 16:07:22,379893,10775,0
BH4ie-dAF-C,2016-07-15 13:14:48,452870,19700,11
BH3epSPgY3X,2016-07-15 03:22:01,1070179,30946,12
BHxkgNpA6o_,2016-07-12 20:17:46,639667,20951,3
BHwRKz9AiDs,2016-07-12 08:09:34,731429,8248,1
BHBjihFADag,2016-06-24 04:45:48,313702,6227,0
BHBXWZXgLO7,2016-06-24 02:59:17,336475,2538,0
BG2v3IIv-ZB,2016-06-20 00:01:49,821003,6192,1
BGyl_0bP-fc,2016-06-18 09:18:40,474749,3656,0
BGbJsHTP-Uh,2016-06-09 06:48:46,584672,9150,1
BGX-HNZP-ar,2016-06-08 01:09:53,618347,6840,2
BGVbeoqP-T6,2016-06-07 01:28:46,261287,3563,0
BGM9MZxP-W4,2016-06-03 18:30:13,595814,4875,9
BF38r_0P-R2,2016-05-26 14:41:44,510949,5736,6
BF3iK9qv-UI,2016-05-26 10:50:02,611187,4894,6
BFpDIC2v-bF,2016-05-20 19:49:23,553052,4286,16
BFkT4uIv-Zo,2016-05-18 23:39:39,375807,3898,5
BFICDzhP-Xx,2016-05-08 00:05:08,576956,5789,9
BFCYuW0v-Q7,2016-05-05 19:27:44,303125,3450,4
BE-EUlqv-ZS,2016-05-04 03:12:30,214175,2298,3
BEUo7yHP-aE,2016-04-18 01:04:19,717823,7615,4
BEPqSh4P-ax,2016-04-16 02:39:58,751968,7134,9
BDxDC4oP-f8,2016-04-04 05:19:49,612161,7077,1
BDuT77ZP-Uz,2016-04-03 03:49:42,502420,4775,0
BDbvJT9v-Yt,2016-03-26 22:41:53,482665,4560,1
BDWu2qDP-Z-,2016-03-25 00:03:08,360622,6339,0
BCs7zIcP-Qd,2016-03-08 18:28:09,701576,18503,6
BCgoZztP-W4,2016-03-03 23:47:47,752856,14713,2
BCeu6QCP-di,2016-03-03 06:06:09,820541,16275,9
BCbeQzEv-aP,2016-03-01 23:42:58,697346,8444,1
BCa-4EuP-Qu,2016-03-01 19:08:42,494258,3880,0
BB-xDOKv-Xy,2016-02-19 20:09:10,323207,5962,17
BB58AXkP-bx,2016-02-17 23:08:41,506936,8929,0
BB57fxev-a8,2016-02-17 23:04:14,473560,16079,0
BBYdmHMP-WM,2016-02-04 23:08:01,462511,7993,0
BBWHvdzv-Tj,2016-02-04 01:18:35,358062,4813,0
BAvFOZSP-aU,2016-01-19 21:26:12,950476,26626,4
BAqlCrSv-fn,2016-01-18 03:28:01,721246,18609,7
BAntMpoP-Rk,2016-01-17 00:41:34,853607,9251,1
BAbe8AAv-e_,2016-01-12 06:46:05,706479,8548,0
BAX7O2-v-Yb,2016-01-10 21:36:21,529883,4571,2
BAOQkzJP-aD,2016-01-07 03:30:27,694881,19061,2
BAJBh4Qv-SL,2016-01-05 02:42:46,694236,7524,150
_5iOEFv-cS,2015-12-30 02:20:35,1130607,24133,2
_vJga7v-ba,2015-12-26 01:32:14,547552,6537,1
_tEcnFP-fj,2015-12-25 06:09:32,615075,9319,0
_bWonDP-UJ,2015-12-18 09:02:08,648341,5513,1
_bTaThv-Q3,2015-12-18 08:33:58,571484,5913,0
_aqowtP-Y9,2015-12-18 02:37:40,487867,2942,0
_ZwDFiP-f8,2015-12-17 18:05:43,311095,4418,0
_CuGFcv-ae,2015-12-08 19:26:07,546012,7592,0
-wVDoDv-Zq,2015-12-01 16:01:00,903900,16115,1
-lGC6yP-aa,2015-11-27 07:18:11,656049,7434,7
-kAFjRP-dS,2015-11-26 21:06:52,426228,6513,2
-ihAJov-RX,2015-11-26 07:16:01,357422,2259,2
-hgO5nP-fd,2015-11-25 21:50:03,369931,2920,0
-a4RjBP-SZ,2015-11-23 08:05:26,397708,6702,1
-aSUWFv-Qo,2015-11-23 02:33:46,535014,12418,0
-Uiui4v-ej,2015-11-20 21:01:43,259833,1990,0
-R-pQYP-ar,2015-11-19 21:07:57,166386,1537,0
-PTH3WP-RV,2015-11-18 20:09:10,286214,1743,0
-Mtycev-fA,2015-11-17 20:04:27,270837,2173,2
-KJ8ajP-cy,2015-11-16 20:12:45,294174,4062,7
96xAy0v-cn,2015-11-10 20:46:17,797236,18864,2
9h7uV8v-e-,2015-11-01 05:18:53,398377,4655,0
9h0NL3P-Qy,2015-11-01 04:13:11,479710,7744,2
9huQqGv-SX,2015-11-01 03:21:14,550623,5901,12
9hMJRVP-Qd,2015-10-31 22:23:07,670657,9318,0
9fM1sTv-Zh,2015-10-31 03:50:42,522125,9397,2
9YLmtVP-SB,2015-10-28 10:25:14,349712,2993,7
9YK3LHv-Qv,2015-10-28 10:18:45,356907,8419,13
9Wl_n4P-cJ,2015-10-27 19:37:21,358410,4343,3
9UkYTjP-fM,2015-10-27 00:44:46,593984,9803,90
9S6xQ2P-aX,2015-10-26 09:21:56,740733,7120,2
9S4xXmv-Xv,2015-10-26 09:04:28,606049,6788,0
9S3258v-Wz,2015-10-26 08:56:29,628939,6147,0
9PYVy3v-QT,2015-10-25 00:23:22,374668,16210,0
9PUJZ3v-YE,2015-10-24 23:46:43,680293,12842,1
9PUDzdv-X6,2015-10-24 23:45:57,454497,2775,0
9PT90UP-Xw,2015-10-24 23:45:08,319642,1158,0
9PT5M2v-Xj,2015-10-24 23:44:30,399806,3284,0
9NgROHP-RA,2015-10-24 06:54:10,627513,9710,2
9J_9KWP-Yy,2015-10-22 22:14:05,355121,3644,2
9J_VhcP-Xq,2015-10-22 22:08:40,473763,2223,2
9J-fS9v-We,2015-10-22 22:01:16,274588,1208,0
9J8wPdP-TZ,2015-10-22 21:46:06,280110,2040,0
9J8QgMP-SU,2015-10-22 21:41:46,501223,5724,2
9J7-kSv-Rw,2015-10-22 21:39:19,372364,1381,0
9J775zv-Rr,2015-10-22 21:38:57,329137,892,2
9J7Xr9P-Qj,2015-10-22 21:34:01,333870,1296,2
9J6ztBP-fU,2015-10-22 21:29:06,350373,2379,0
9J6JgvP-eB,2015-10-22 21:23:20,342913,2220,2
807ZPRP-QI,2015-10-14 17:50:10,469076,12818,12
8mfhMaP-aO,2015-10-09 03:17:13,339306,4651,0
8mbpFSv-Uj,2015-10-09 02:43:21,428323,3917,2
8mM4yMP-b8,2015-10-09 00:34:25,402766,3675,0
8j7S4Kv-R1,2015-10-08 03:22:13,407384,3563,0
8j5FcIv-fU,2015-10-08 03:02:54,465579,5984,0
8bs7umP-Wt,2015-10-04 22:42:48,507001,10118,0
8Zs808v-aV,2015-10-04 04:04:28,640124,10187,0
8XMD0cv-Qr,2015-10-03 04:38:35,526830,6807,0
8RtBzmP-a4,2015-10-01 01:31:13,549822,8111,0
8MRST5P-Wt,2015-09-28 22:52:36,508158,11776,2
8HzZl4P-SD,2015-09-27 05:14:29,523515,15236,1
8Gw5JTP-eG,2015-09-26 19:33:21,648959,11635,0
8GwM-hP-ce,2015-09-26 19:27:19,588120,30075,2
8E-QI8v-fs,2015-09-26 02:51:36,523328,11574,1
8EhA0kv-cq,2015-09-25 22:36:06,507555,13108,4
8EWBOlv-as,2015-09-25 21:00:02,492809,13010,11
8Coy3ZP-aK,2015-09-25 05:05:37,728727,12041,6
7_BYDkv-Sp,2015-09-23 19:23:27,690904,12685,0
79eb8vv-Xn,2015-09-23 04:58:54,593108,7085,0
7pCBaZP-YE,2015-09-15 06:25:48,478794,7629,2
7ebQguv-fJ,2015-09-11 03:34:40,687341,13318,4
7ZHaZcP-Vn,2015-09-09 02:05:04,624293,9134,4
7UtTGJP-cq,2015-09-07 08:59:54,462196,6817,0
7UrNc0P-Zz,2015-09-07 08:41:40,356183,4128,44
7SCy_4P-Tp,2015-09-06 08:10:03,565084,12686,58
7DOhjXv-YP,2015-08-31 14:03:55,332479,7041,0
7DOZSgP-X9,2015-08-31 14:02:47,323177,8638,2
68pFudP-cA,2015-08-29 00:41:21,364394,3452,0
68n5O1v-aO,2015-08-29 00:30:55,365047,2997,0
68mRiFP-Xq,2015-08-29 00:16:45,240196,2094,0
6rSb-Fv-Xj,2015-08-22 06:56:20,570032,20977,0
6rPTiNv-TC,2015-08-22 06:28:58,456939,3850,0
6mTLCEP-ac,2015-08-20 08:26:33,485869,16205,43
6mOeOOP-VW,2015-08-20 07:45:29,405391,3023,3
6kX3SUP-ds,2015-08-19 14:29:04,306967,8240,0
6eG2cVP-cW,2015-08-17 04:04:57,471258,7503,45
6eFZYWv-Z-,2015-08-17 03:52:15,444061,6669,45
6Ywk54P-at,2015-08-15 02:14:07,431006,2821,0
6YAC2lv-SF,2015-08-14 19:10:03,547936,9250,53
6SPWukP-XL,2015-08-12 13:28:23,459084,4723,0
6N8o2lP-S0,2015-08-10 21:27:52,340900,3638,133
6JMaToP-Va,2015-08-09 01:09:30,546159,4031,4
6Eq8kQv-ZN,2015-08-07 07:00:07,929695,17251,3
5sZNKjv-Ss,2015-07-28 20:43:19,343850,8411,0
5sZLg9P-Sj,2015-07-28 20:43:06,295065,1541,0
5sZHDOP-SU,2015-07-28 20:42:29,496251,6946,4
5oBmwNP-Vx,2015-07-27 04:00:08,720816,10544,32
5lqfG0P-RO,2015-07-26 05:59:38,728312,9332,4
5lWQk_v-RN,2015-07-26 03:02:53,612820,6238,4
5fRc5mP-YB,2015-07-23 18:25:26,441028,7170,88
5fQtMNv-We,2015-07-23 18:18:55,565854,5172,2
5Wa8uzv-X6,2015-07-20 07:55:16,724268,37190,7
5WYCl7P-T6,2015-07-20 07:29:51,478735,6183,90
5WVubDP-Qc,2015-07-20 07:09:37,500720,2907,1
5Q6ySlv-VY,2015-07-18 04:38:01,502145,7151,43
5MCNihP-Xg,2015-07-16 07:06:42,739225,7541,8
5LaICTv-dj,2015-07-16 01:16:25,645071,8974,0
46_FsTP-cJ,2015-07-09 16:12:19,585573,12919,0
4sReWkP-eH,2015-07-03 23:04:22,544628,5230,19
4iSWSVP-VO,2015-06-30 01:59:36,616172,11593,17
4NRUGVv-bq,2015-06-21 22:06:31,555124,6238,0
4LpWlzv-W_,2015-06-21 06:58:05,647141,4734,0
4Locn-P-WC,2015-06-21 06:50:10,437630,2626,0
4Ln3ZxP-VY,2015-06-21 06:45:05,548950,2755,2
4LmjSiP-To,2015-06-21 06:33:36,647084,5607,0
4Llrohv-Sj,2015-06-21 06:26:00,457772,2037,0
4LlMmOv-Rx,2015-06-21 06:21:46,546183,4939,0
4LhyquP-c7,2015-06-21 05:52:01,625954,13596,0
39YWqDP-QT,2015-06-15 18:00:11,589961,7145,412
39RjoXv-Sf,2015-06-15 17:00:47,507013,4342,372
39Kq-sv-Um,2015-06-15 16:00:37,421155,3572,377
39D1nSP-Xb,2015-06-15 15:00:54,442300,3289,393
388_3Nv-Zg,2015-06-15 14:01:08,637493,15031,399
3wSohtv-SP,2015-06-10 16:00:04,515650,7949,497
3uXVXrv-Tp,2015-06-09 22:02:39,420786,2763,0
3aFfgzv-bT,2015-06-02 01:01:57,566984,17436,1
3CRmsBP-eh,2015-05-23 19:06:01,687868,10385,0
293T1YP-b4,2015-05-22 01:59:17,706010,9266,0
2rGoAtv-SO,2015-05-14 19:07:32,672724,16849,0
2qBbdzP-cz,2015-05-14 09:02:54,686286,6302,0
2nvFPMv-UU,2015-05-13 11:44:05,689076,5468,0
2mJH9Ev-Zq,2015-05-12 20:53:10,614301,5855,0
2a_5VOP-UY,2015-05-08 13:00:53,993817,14822,0
2ZcsFgP-Ua,2015-05-07 22:34:00,377246,4530,0
2ZQWYHv-fX,2015-05-07 20:46:11,927140,15731,0
2SVPaPP-fo,2015-05-05 04:14:14,679025,13981,25
2RsT6mP-QH,2015-05-04 22:16:35,400327,4062,1
2JeIWQv-fK,2015-05-01 17:38:45,502581,4964,4
2JeERGP-e9,2015-05-01 17:38:12,450454,2953,2
2Jd60mP-el,2015-05-01 17:36:54,468653,4331,2
2HAnlsv-WH,2015-04-30 18:42:24,516002,6812,10
2GQMgqP-TJ,2015-04-30 11:39:16,756544,7756,0
2Bf9sbP-eU,2015-04-28 15:20:51,531267,6728,0
1-m2Cwv-Qx,2015-04-27 12:23:15,595708,4487,1
1-dEa8P-Sk,2015-04-27 10:57:50,704907,7192,98
18FJWgP-f1,2015-04-26 12:50:19,749673,17694,100
13bnb9P-dK,2015-04-24 17:30:27,509385,3494,0
13a_KXv-cB,2015-04-24 17:24:57,663532,9134,98
13Z7MhP-Zn,2015-04-24 17:15:40,295103,7349,6
10N7Wkv-Ue,2015-04-23 11:33:07,546135,7645,0
1YqnrZv-Sz,2015-04-12 18:45:06,520905,25974,0
1Xlfzpv-aX,2015-04-12 08:41:06,633998,8930,2
1XaETkv-bg,2015-04-12 07:01:13,812534,8165,14
1UcEpkP-eu,2015-04-11 03:21:01,407092,3805,0
1SOwxpv-SB,2015-04-10 06:46:14,702171,13464,269
1KoQ82v-Qj,2015-04-07 07:55:09,721990,11326,12
08GRCTP-f_,2015-04-01 16:28:42,900989,48032,71
0yEmpDv-Xi,2015-03-28 19:01:46,464548,8341,1
0t8afOP-cp,2015-03-27 04:33:15,659378,6691,1
0tUmexP-eb,2015-03-26 22:45:21,404869,5850,2
0gjdtgv-dt,2015-03-21 23:45:06,552837,6311,3
0a_H3DP-Vi,2015-03-19 19:51:21,354559,4840,3
0WO1HlP-RV,2015-03-17 23:32:24,728739,10973,8
0VjGMwP-TS,2015-03-17 17:10:15,563775,9875,2
0T4aFfv-Yq,2015-03-17 01:37:59,926899,16941,3
0Ow0Dzv-bd,2015-03-15 01:55:25,533137,9748,0
0Nty1rv-Ra,2015-03-14 16:09:48,347241,2481,0
0Jce3HP-el,2015-03-13 00:21:34,610782,7835,2
0EfvtXP-cl,2015-03-11 02:13:52,511789,5613,0
0Ati5_P-as,2015-03-09 14:57:30,667655,8406,0
z7mGGZv-Xg,2015-03-07 15:16:12,470012,4279,1
z5pDjjP-TG,2015-03-06 21:03:35,620885,6343,0
zxr8ylv-cD,2015-03-03 18:54:57,631732,8463,0
zqIGDRv-Sn,2015-02-28 20:26:57,491233,4519,0
zqG-4zP-QH,2015-02-28 20:17:14,484738,4309,0
zkIyVCv-WG,2015-02-26 12:37:33,404870,4436,4
zikh2GP-c8,2015-02-25 22:01:30,567858,9917,0
zfaG0Nv-Q-,2015-02-24 16:32:42,476983,13264,0
zfKRXev-Xn,2015-02-24 14:14:20,318221,7184,0
zXiwtbP-S7,2015-02-21 15:14:24,907212,16685,9
zWOdbeP-fS,2015-02-21 02:57:46,558534,15621,7
zWOFG0v-et,2015-02-21 02:54:27,640543,24969,7
zWJf3sv-Xg,2015-02-21 02:14:24,589337,8263,7
zWASU1P-aO,2015-02-21 00:53:55,454564,8583,0
zTmO5Fv-Xc,2015-02-20 02:27:46,507804,4004,0
zQl6unv-Yx,2015-02-18 22:27:18,531218,5612,0
zQkPvNv-V-,2015-02-18 22:12:41,477736,4947,0
ypYrxwP-RI,2015-02-03 17:01:17,656994,18200,2
yl3Czqv-Rg,2015-02-02 08:09:36,823967,22084,399
yl2vLTv-RF,2015-02-02 08:06:56,637239,6879,33
ygeZsHP-Yr,2015-01-31 05:58:05,887851,29395,0
ygclEqv-XF,2015-01-31 05:42:09,675854,6989,0
yV4995P-dN,2015-01-27 03:18:34,673928,20181,379
yL21q-P-R7,2015-01-23 05:47:34,1072025,30496,5
yGVLVjP-YF,2015-01-21 02:17:13,817245,14236,0
yFJqqQv-R7,2015-01-20 15:17:24,547086,6777,0
x7_bH3P-RG,2015-01-17 01:54:44,563183,11168,11
x5P4drP-dw,2015-01-16 00:20:49,539337,8836,3
xgUG_Cv-WQ,2015-01-06 07:56:45,614303,12979,2
xSvsN1v-Rl,2015-01-01 01:28:24,531003,6504,2
xPi8-dP-WN,2014-12-30 19:39:22,530635,8043,4
xC58wIv-T-,2014-12-25 21:50:11,406343,14173,0
w5zJ2Hv-YZ,2014-12-22 08:57:38,561466,9527,34
wsz0rCv-Xd,2014-12-17 07:53:22,503121,9126,0
wlN0LSP-fI,2014-12-14 09:06:33,670881,16193,0
wWPWg7v-Vy,2014-12-08 13:31:23,701803,19447,24
wWLHs5v-Rt,2014-12-08 12:54:24,239408,2869,0
wRCj4IP-U3,2014-12-06 13:03:24,547602,6991,0
wDaZb8P-Ql,2014-12-01 06:02:19,379206,4016,0
v5Q1DpP-fW,2014-11-27 07:26:19,350641,7938,3
vvWhd-v-az,2014-11-23 11:03:39,725212,11891,0
vtPsWJv-V5,2014-11-22 15:25:30,472328,9963,0
vsZ28QP-ei,2014-11-22 07:35:05,318279,3451,2
vp65oqP-QH,2014-11-21 08:26:05,542530,7288,10
vhnuhWP-Ut,2014-11-18 03:04:37,564418,15052,11
vGukKnP-VJ,2014-11-07 16:24:53,378217,8880,0
vGuCTBP-ar,2014-11-07 16:20:15,227408,2314,0
vECvsNP-VZ,2014-11-06 15:23:30,510469,18521,1
vDk6tRv-cx,2014-11-06 11:02:51,413822,4670,0
u9SVGtv-R0,2014-11-04 00:24:59,733908,23846,23
uz0xoYv-cu,2014-10-31 08:13:35,667619,31222,394
uzL3VnP-Sh,2014-10-31 02:16:06,649314,20778,12
uySotRP-VF,2014-10-30 17:56:01,323200,2744,0
usOmYCP-Zn,2014-10-28 09:25:18,564099,9422,249
uY5XtMv-Sx,2014-10-20 21:14:14,436333,25674,226
uPCYWhv-cw,2014-10-17 01:20:34,459188,7970,274
uPBi1DP-b2,2014-10-17 01:13:15,318559,2277,277
uPBQD_P-bY,2014-10-17 01:10:41,320612,2232,276
uOfbnsP-aA,2014-10-16 20:15:10,476589,5393,19
uG9kdxP-R2,2014-10-13 22:04:36,311934,4869,3
uBiF6aP-Yf,2014-10-11 19:28:18,496851,6093,6
t631tvP-Tb,2014-10-09 05:23:38,487601,5497,1
t4RBkRP-W3,2014-10-08 05:05:59,367025,3441,1
twK8WVP-ey,2014-10-05 01:38:55,403399,6369,69
ttI7ohP-T6,2014-10-03 21:23:38,283189,4874,2
toIKipv-ah,2014-10-01 22:40:43,461221,9218,174
tW672AP-dK,2014-09-25 06:18:02,354037,6689,393
tJmfTYv-fx,2014-09-20 02:09:15,423327,5244,3
tB5uaOP-Su,2014-09-17 02:23:24,382252,5686,2
sxCLtRv-Tw,2014-09-10 13:10:13,435551,8537,33
sWM4O1v-TE,2014-08-31 03:04:11,359174,6524,2
sTC39bv-f2,2014-08-29 21:39:03,376245,6159,94
sIlXKWP-XG,2014-08-25 20:08:46,525809,9822,12
sGt5kHP-Y1,2014-08-25 02:44:53,296847,14099,1
sGfkTCP-dE,2014-08-25 00:39:39,352333,3902,18
sEAbW4P-Wz,2014-08-24 01:29:04,220289,2653,0
r_FI_Rv-Yc,2014-08-22 03:34:02,443022,18092,67
r-PhTPP-Sw,2014-08-21 19:45:30,309890,5265,83
r7mOMBP-XP,2014-08-20 19:06:09,300896,20022,2
r5TGaHv-Z6,2014-08-19 21:40:35,440089,10059,76
r5SYKbP-Yt,2014-08-19 21:34:16,375541,7595,213
r5OAynP-RM,2014-08-19 20:56:07,309008,2366,1
r3Pq1oP-aP,2014-08-19 02:32:07,409148,3565,35
r3Ik5gv-fI,2014-08-19 01:30:08,407953,7197,52
rz2Ptsv-cg,2014-08-17 18:52:14,390881,5042,16
rvUlvvv-YS,2014-08-16 00:41:11,460397,22288,148
rsRvTMv-dz,2014-08-14 20:18:33,363908,7003,14
rnrOF6P-U2,2014-08-13 01:25:01,445149,5208,17
rnpl9tP-Sh,2014-08-13 01:10:48,289520,6885,5
rnpb85v-SO,2014-08-13 01:09:26,294872,2279,6
rnpRW9P-R6,2014-08-13 01:07:59,280833,15297,5
rnlwwWP-cc,2014-08-13 00:37:19,271167,3342,14
ri3qfwv-VS,2014-08-11 04:37:33,320508,6668,3
rh7YKiv-cZ,2014-08-10 19:50:45,279261,2182,1
rglz-yv-dv,2014-08-10 07:23:04,337351,2938,7
rYFcx1P-Ts,2014-08-07 00:06:22,521020,10557,22
rSq78_v-SX,2014-08-04 21:38:29,239181,2830,1
rQ4w-lP-T9,2014-08-04 05:00:50,351902,5474,1
rQ1fY0v-Qc,2014-08-04 04:32:13,365162,2579,15
rQLprWP-Zs,2014-08-03 22:26:38,291301,2645,16
rP0xaEv-bS,2014-08-03 19:06:42,297115,2217,8
rJa_QMP-Qp,2014-08-01 07:25:58,419359,5175,11
rHl87iP-WK,2014-07-31 14:23:17,347260,8846,37
rF1ndZP-Tj,2014-07-30 22:01:41,313304,6135,151
rDclI4P-VO,2014-07-29 23:44:26,301661,5779,40
q2PhvqP-f_,2014-07-24 20:40:15,366391,4763,144
q12pw2v-Tg,2014-07-24 17:02:53,305588,3891,2
qxUvkCP-c9,2014-07-22 22:49:37,289664,9156,260
qupeV-P-eG,2014-07-21 21:53:03,339835,2620,0
qsTkpzv-a1,2014-07-21 00:03:11,338716,7075,7
qsC4YhP-dH,2014-07-20 21:37:20,392755,4796,97
qqN8Sfv-SH,2014-07-20 04:35:30,403182,3997,0
qntBpwv-Zt,2014-07-19 05:09:24,375419,2818,77
qm6vabP-eB,2014-07-18 21:50:00,215592,3357,0
qhWz5JP-ap,2014-07-16 17:59:50,219560,4853,5
qfQxWEP-Qt,2014-07-15 22:28:35,271189,4903,1
qRyy9bv-bI,2014-07-10 16:56:32,399821,5648,46
qP34WBP-bx,2014-07-09 23:02:28,253284,2881,56
qNTN4rv-UU,2014-07-08 23:03:37,331802,5808,138
qK1Vavv-bO,2014-07-08 00:04:01,300546,3051,0
qIM8R_P-bm,2014-07-06 23:32:35,333126,3878,10
qIK4CXv-X9,2014-07-06 23:14:32,415332,5676,13
qFbWqwv-fW,2014-07-05 21:40:48,304383,8618,17
qE2muBv-Xd,2014-07-05 16:19:41,299539,2213,1
qDywtpP-SD,2014-07-05 06:26:51,435239,6505,20
qDBqoRv-Xw,2014-07-04 23:17:51,250833,2970,9
p_5lqev-eg,2014-07-03 18:09:33,332657,4811,71
p96inSP-af,2014-07-02 23:39:23,327714,3283,0
p8CnYFP-bd,2014-07-02 06:11:28,284906,6196,0
p8ALWmv-Y9,2014-07-02 05:50:10,386733,3366,2
p7JfE9v-c1,2014-07-01 21:52:15,335496,4525,22
p5NmgQP-fl,2014-07-01 03:49:45,397376,11837,0
pw3_F-P-c0,2014-06-27 22:06:56,349441,4468,0
pt7NkVP-Y5,2014-06-26 18:37:24,328994,4638,17
ppYL6iv-RR,2014-06-25 00:14:23,467038,5924,193
ppJb83v-co,2014-06-24 22:05:30,457236,6393,34
pj7SwUv-RO,2014-06-22 21:25:43,205043,1897,0
ph22CnP-bV,2014-06-22 02:08:21,397862,7197,8
ph2IYzP-aG,2014-06-22 02:02:07,512472,12585,112
pe0gUfP-Xa,2014-06-20 21:50:11,401935,4878,771
pcbsG_v-ex,2014-06-19 23:34:52,390761,3403,1
paNDNWP-VD,2014-06-19 02:48:28,322413,12504,171
pW7RSVv-cR,2014-06-17 20:15:23,203925,2083,28
pW6YLTP-ak,2014-06-17 20:07:35,155278,1413,111
pKfy3sP-SZ,2014-06-13 00:24:25,247886,2808,0
pHube6v-aC,2014-06-11 22:34:34,196645,1828,0
pFQ6QKP-Qd,2014-06-10 23:38:09,207803,1679,0
pAtmNTv-Rx,2014-06-09 05:12:37,281197,1560,2
pAsMD-v-Qa,2014-06-09 05:00:18,413702,4406,383
pAgHsUv-RO,2014-06-09 03:14:51,495769,8427,53
ouCjTLv-U2,2014-06-01 23:10:09,341576,3824,0
osUWjZP-eD,2014-06-01 07:07:13,373072,4751,56
omYUfUP-VG,2014-05-29 23:46:26,283992,5086,0
ol-15zP-cQ,2014-05-29 20:03:49,216902,2587,13
ol95_sv-a0,2014-05-29 19:55:38,334999,3084,17
oluOnxv-Sc,2014-05-29 17:38:38,233947,1780,9
oj4Oyvv-dG,2014-05-29 00:27:34,440070,5970,123
oiqnJXv-Wz,2014-05-28 13:09:19,360363,4672,24
ogmcoOv-Xi,2014-05-27 17:54:26,438095,7870,0
ogVv_Gv-fJ,2014-05-27 15:28:32,273311,2455,2
oZB8q_P-do,2014-05-24 19:20:49,289209,3557,0
oWD6VLP-So,2014-05-23 15:40:15,256898,2318,0
oTwWrJP-Z1,2014-05-22 18:10:53,286502,2527,8
oRTqt2v-aB,2014-05-21 19:21:44,273152,2887,0
oQ9VXVP-a5,2014-05-21 16:06:35,297780,3572,2
oOMbKxP-Te,2014-05-20 14:20:43,349072,6660,19
oM4MGhv-dN,2014-05-20 02:04:40,218067,1712,0
oL1PoYP-ew,2014-05-19 16:19:41,247675,2879,44
oJa3iuP-Uq,2014-05-18 17:50:44,239007,2513,0
oG4y_fv-a4,2014-05-17 18:14:32,267039,2840,0
n_NCtPv-RA,2014-05-14 18:37:31,347086,11858,0
n8oyPLv-U_,2014-05-13 18:42:12,308047,3665,36
n3e-IQv-UU,2014-05-11 18:40:15,242137,1699,0
n1yu8Uv-ZE,2014-05-11 02:54:27,333327,3044,2
n01XZjv-fp,2014-05-10 17:58:13,330380,4854,2
nw2xnyP-Wi,2014-05-09 04:53:34,300561,2296,0
nvxD8eP-SZ,2014-05-08 18:44:24,362713,6129,51
ns2xSfv-TZ,2014-05-07 15:36:34,283290,13997,201
nrjlPdv-Th,2014-05-07 03:29:39,298921,3128,30
nq-JfeP-XZ,2014-05-06 22:02:33,207012,1474,90
noIAqdP-cg,2014-05-05 19:31:01,326820,5806,20
nmGGXoP-W7,2014-05-05 00:35:50,288042,2664,14
njAYMZv-dd,2014-05-03 19:48:07,216283,2838,9
ngSUJav-X9,2014-05-02 18:27:08,222315,2407,5
ndwCpGP-VX,2014-05-01 18:49:09,256070,3973,46
nbbsY2P-Vx,2014-04-30 21:12:53,248034,2784,12
nZHHCvP-UP,2014-04-29 23:34:32,205571,2087,58
nWfXenP-f_,2014-04-28 23:08:46,295327,4595,58
nTbTKZP-VT,2014-04-27 18:35:30,242832,2297,57
nN6-T7v-dW,2014-04-25 15:16:50,261791,2642,2
nCEX7zv-Xk,2014-04-21 00:48:06,333043,4723,2
nB2LEgv-eP,2014-04-20 22:44:00,218532,3637,15
m_rvtUv-fZ,2014-04-20 02:34:24,417052,7584,69
m86ktXP-fP,2014-04-19 00:46:15,273117,13797,9
m4G5DyP-aw,2014-04-17 03:57:41,384330,7058,206
ms_oOmv-Yl,2014-04-12 20:22:35,338869,5389,7
mjfE-nv-Rv,2014-04-09 03:44:59,462533,11740,104
mgkeYYP-fR,2014-04-08 00:34:25,379474,10724,199
mVx9EcP-et,2014-04-03 20:00:33,166118,3375,0
mVwxG7v-cn,2014-04-03 19:50:11,243749,4932,3
mVdqPzv-RA,2014-04-03 17:03:13,373097,6714,2
mS6kEov-d_,2014-04-02 17:18:04,210851,1895,0
mRg8lDv-dU,2014-04-02 04:14:59,321130,4789,13
mEA74Pv-bl,2014-03-27 22:25:08,240296,3830,2
mDiJwNv-ah,2014-03-27 17:56:09,175423,1450,0
l8PwjOP-as,2014-03-24 22:00:44,198932,2546,0
l4--ocP-Yi,2014-03-23 15:36:23,282521,3488,0
lyUNcJP-Ue,2014-03-21 01:27:14,275140,3024,107
lv_rUeP-RV,2014-03-20 03:49:20,388749,4104,4
liSuOEP-bi,2014-03-14 20:06:23,282744,5861,0
lJG7ilP-YR,2014-03-05 01:22:20,297421,5702,4
lGUd4Iv-TG,2014-03-03 23:22:53,255837,2901,0
k3L5xIv-UP,2014-02-26 02:19:27,281364,4675,1
kYntoPP-Z5,2014-02-14 05:26:00,584688,21106,18
kBHxeLP-bs,2014-02-05 02:24:22,385044,7485,0
j3EYCLP-TW,2014-02-01 04:42:17,469629,28886,11
jqS3qTP-aY,2014-01-27 05:38:48,471499,10180,56
jP2JA1v-V1,2014-01-16 23:07:31,209713,10521,3
jGGCnXP-aP,2014-01-13 04:14:03,361892,6690,22
jCSD29P-fL,2014-01-11 16:42:07,210604,5507,2
jAtQ3vP-Sr,2014-01-11 02:01:20,396131,5326,0
i_ZMI_P-YL,2014-01-10 13:46:41,269927,3259,0
i6z57Wv-UC,2014-01-08 19:03:56,207715,14070,0
i5up98P-RX,2014-01-08 08:58:49,322524,12442,3
ieluJhv-V7,2013-12-28 20:01:15,281346,5888,4
iar4hqP-QB,2013-12-27 07:38:08,238226,5582,0
iUnzovP-eI,2013-12-24 23:07:04,300599,5470,1
iNlATqP-U1,2013-12-22 05:27:54,375456,7877,9
h4QWOmv-Xw,2013-12-13 22:43:20,454937,13051,21
hybxP0P-Xb,2013-12-11 16:27:42,348522,7319,7
hjs9JcP-WP,2013-12-05 23:09:16,266411,4773,8
heXfe2P-dZ,2013-12-03 21:25:31,228691,5709,87
hSZb40P-aW,2013-11-29 05:51:37,226388,3093,1
hL3KvKv-X7,2013-11-26 16:56:44,155007,2311,0
gX8zN8v-R2,2013-11-06 13:05:27,389154,12518,8
gTFtdpv-Wn,2013-11-04 15:47:06,197785,5379,4
gNLIOSv-bj,2013-11-02 08:39:00,256634,3569,0
exz9DlP-QS,2013-09-27 21:05:37,184486,7791,2
d7_6Fpv-dX,2013-09-06 23:31:05,197473,4508,1
dX7rkoP-ao,2013-08-23 23:21:29,423369,16222,5
dFq8Ijv-Up,2013-08-16 21:08:52,173568,4862,4
cn8iivP-Ze,2013-08-05 08:05:26,186663,5557,0
ciIw2Rv-ZE,2013-08-03 01:56:49,189853,3583,4
cUnGwCv-YZ,2013-07-28 19:52:35,225211,5907,6
cBHkRNv-fD,2013-07-21 06:11:25,109239,1756,0
b9X0kOP-d3,2013-07-19 19:16:29,142635,3849,0
bXk3iUP-db,2013-07-05 02:59:21,192710,7568,106
bWpHmOP-VI,2013-07-04 18:17:15,132631,2625,0
bAQg3aP-eu,2013-06-26 01:38:58,223752,9889,0
ay92d2P-fR,2013-06-20 21:45:45,107760,3141,0
aisdhev-R_,2013-06-14 14:05:57,293892,21614,2
